source,target,isproduce,edgesize,edgecolor
sid-1,Cheater-r(1):b1,0,1,#191970
sid-1,Cheater-r(7):b2,0,1,#191970
sid-2,Cheater-r(7):b2,0,1,#FFFF54
sid-24,Cheater-r(7):b2,0,1,#BFBFBF
sid-35,Cheater-r(7):b2,0,1,#00FFFF
sid-56,Cheater-r(7):b2,0,1,#BFBFBF
sid-1,Cheater-r(8):b3,0,1,#191970
sid-2,Cheater-r(8):b3,0,1,#FFFF54
sid-24,Cheater-r(8):b3,0,1,#BFBFBF
sid-35,Cheater-r(8):b3,0,1,#00FFFF
sid-45,Cheater-r(8):b3,0,1,#BFBFBF
sid-91,Cheater-r(8):b3,0,1,#FF00FF
sid-93,Cheater-r(8):b3,0,1,#BFBFBF
sid-1,Cheater-r(7):b4,0,1,#191970
sid-2,Cheater-r(7):b4,0,1,#FFFF54
sid-24,Cheater-r(7):b4,0,1,#BFBFBF
sid-35,Cheater-r(7):b4,0,1,#00FFFF
sid-45,Cheater-r(7):b4,0,1,#BFBFBF
sid-93,Cheater-r(7):b4,0,1,#BFBFBF
sid-1,Cheater-r(8):b5,0,1,#191970
sid-2,Cheater-r(8):b5,0,1,#FFFF54
sid-24,Cheater-r(8):b5,0,1,#BFBFBF
sid-35,Cheater-r(8):b5,0,1,#00FFFF
sid-56,Cheater-r(8):b5,0,1,#BFBFBF
sid-93,Cheater-r(8):b5,0,1,#BFBFBF
sid-1,Cheater-r(7):b6,0,1,#191970
sid-2,Cheater-r(7):b6,0,1,#FFFF54
sid-24,Cheater-r(7):b6,0,1,#BFBFBF
sid-35,Cheater-r(7):b6,0,1,#00FFFF
sid-56,Cheater-r(7):b6,0,1,#BFBFBF
sid-93,Cheater-r(7):b6,0,1,#BFBFBF
sid-1,Cheater-r(4):b7,0,1,#191970
sid-2,Cheater-r(4):b7,0,1,#FFFF54
sid-24,Cheater-r(4):b7,0,1,#BFBFBF
sid-35,Cheater-r(4):b7,0,1,#00FFFF
sid-1,Cheater-r(5):b8,0,1,#191970
sid-2,Cheater-r(5):b8,0,1,#FFFF54
sid-35,Cheater-r(5):b8,0,1,#00FFFF
sid-45,Cheater-r(5):b8,0,1,#BFBFBF
sid-1,Cheater-r(2):b9,0,1,#191970
sid-3,Cheater-r(2):b9,0,1,#FF0000
sid-1,Cheater-r(14):b10,0,1,#191970
sid-3,Cheater-r(14):b10,0,1,#FF0000
sid-5,Cheater-r(14):b10,0,1,#BFBFBF
sid-36,Cheater-r(14):b10,0,1,#DDA0DD
sid-72,Cheater-r(14):b10,0,1,#4169E1
sid-81,Cheater-r(14):b10,0,1,#BFBFBF
sid-84,Cheater-r(14):b10,0,1,#BFBFBF
sid-90,Cheater-r(14):b10,0,1,#0000CD
sid-91,Cheater-r(14):b10,0,1,#FF00FF
sid-92,Cheater-r(14):b10,0,1,#FF8C00
sid-94,Cheater-r(14):b10,0,1,#7FFF00
sid-1,Cheater-r(13):b11,0,1,#191970
sid-3,Cheater-r(13):b11,0,1,#FF0000
sid-5,Cheater-r(13):b11,0,1,#BFBFBF
sid-36,Cheater-r(13):b11,0,1,#DDA0DD
sid-72,Cheater-r(13):b11,0,1,#4169E1
sid-81,Cheater-r(13):b11,0,1,#BFBFBF
sid-90,Cheater-r(13):b11,0,1,#0000CD
sid-91,Cheater-r(13):b11,0,1,#FF00FF
sid-92,Cheater-r(13):b11,0,1,#FF8C00
sid-94,Cheater-r(13):b11,0,1,#7FFF00
sid-1,Cheater-r(3):b12,0,1,#191970
sid-6,Cheater-r(3):b12,0,1,#BFBFBF
sid-94,Cheater-r(3):b12,0,1,#7FFF00
sid-1,Cheater-r(3):b13,0,1,#191970
sid-87,Cheater-r(3):b13,0,1,#BFBFBF
sid-1,Cheater-r(5):b14,0,1,#191970
sid-1,Cheater-r(10):b15,0,1,#191970
sid-24,Cheater-r(10):b15,0,1,#BFBFBF
sid-36,Cheater-r(10):b15,0,1,#DDA0DD
sid-38,Cheater-r(10):b15,0,1,#BFBFBF
sid-58,Cheater-r(10):b15,0,1,#BFBFBF
sid-65,Cheater-r(10):b15,0,1,#BFBFBF
sid-66,Cheater-r(10):b15,0,1,#BFBFBF
sid-76,Cheater-r(10):b15,0,1,#2E8B57
sid-92,Cheater-r(10):b15,0,1,#FF8C00
sid-94,Cheater-r(10):b15,0,1,#7FFF00
sid-1,Cheater-r(4):b16,0,1,#191970
sid-24,Cheater-r(4):b16,0,1,#BFBFBF
sid-36,Cheater-r(4):b16,0,1,#DDA0DD
sid-94,Cheater-r(4):b16,0,1,#7FFF00
sid-1,Cheater-r(11):b17,0,1,#191970
sid-24,Cheater-r(11):b17,0,1,#BFBFBF
sid-38,Cheater-r(11):b17,0,1,#BFBFBF
sid-45,Cheater-r(11):b17,0,1,#BFBFBF
sid-55,Cheater-r(11):b17,0,1,#BFBFBF
sid-58,Cheater-r(11):b17,0,1,#BFBFBF
sid-66,Cheater-r(11):b17,0,1,#BFBFBF
sid-80,Cheater-r(11):b17,0,1,#808000
sid-92,Cheater-r(11):b17,0,1,#FF8C00
sid-93,Cheater-r(11):b17,0,1,#BFBFBF
sid-94,Cheater-r(11):b17,0,1,#7FFF00
sid-1,Cheater-r(7):b18,0,1,#191970
sid-24,Cheater-r(7):b18,0,1,#BFBFBF
sid-38,Cheater-r(7):b18,0,1,#BFBFBF
sid-45,Cheater-r(7):b18,0,1,#BFBFBF
sid-55,Cheater-r(7):b18,0,1,#BFBFBF
sid-92,Cheater-r(7):b18,0,1,#FF8C00
sid-94,Cheater-r(7):b18,0,1,#7FFF00
sid-1,Cheater-r(5):b19,0,1,#191970
sid-24,Cheater-r(5):b19,0,1,#BFBFBF
sid-38,Cheater-r(5):b19,0,1,#BFBFBF
sid-66,Cheater-r(5):b19,0,1,#BFBFBF
sid-94,Cheater-r(5):b19,0,1,#7FFF00
sid-1,Cheater-r(4):b20,0,1,#191970
sid-24,Cheater-r(4):b20,0,1,#BFBFBF
sid-38,Cheater-r(4):b20,0,1,#BFBFBF
sid-94,Cheater-r(4):b20,0,1,#7FFF00
sid-1,Cheater-r(8):b21,0,1,#191970
sid-24,Cheater-r(8):b21,0,1,#BFBFBF
sid-45,Cheater-r(8):b21,0,1,#BFBFBF
sid-55,Cheater-r(8):b21,0,1,#BFBFBF
sid-58,Cheater-r(8):b21,0,1,#BFBFBF
sid-80,Cheater-r(8):b21,0,1,#808000
sid-93,Cheater-r(8):b21,0,1,#BFBFBF
sid-94,Cheater-r(8):b21,0,1,#7FFF00
sid-1,Cheater-r(3):b22,0,1,#191970
sid-69,Cheater-r(3):b22,0,1,#BFBFBF
sid-91,Cheater-r(3):b22,0,1,#FF00FF
sid-1,Cheater-r(2):b23,0,1,#191970
sid-94,Cheater-r(2):b23,0,1,#7FFF00
sid-2,Cheater-r(1):b24,0,1,#FFFF54
sid-2,Cheater-r(2):b25,0,1,#FFFF54
sid-7,Cheater-r(2):b25,0,1,#BFBFBF
sid-3,Cheater-r(1):b26,0,1,#FF0000
sid-3,Cheater-r(11):b27,0,1,#FF0000
sid-5,Cheater-r(11):b27,0,1,#BFBFBF
sid-36,Cheater-r(11):b27,0,1,#DDA0DD
sid-45,Cheater-r(11):b27,0,1,#BFBFBF
sid-72,Cheater-r(11):b27,0,1,#4169E1
sid-80,Cheater-r(11):b27,0,1,#808000
sid-90,Cheater-r(11):b27,0,1,#0000CD
sid-92,Cheater-r(11):b27,0,1,#FF8C00
sid-94,Cheater-r(11):b27,0,1,#7FFF00
sid-3,Cheater-r(8):b28,0,1,#FF0000
sid-77,Cheater-r(8):b28,0,1,#BFBFBF
sid-80,Cheater-r(8):b28,0,1,#808000
sid-90,Cheater-r(8):b28,0,1,#0000CD
sid-91,Cheater-r(8):b28,0,1,#FF00FF
sid-94,Cheater-r(8):b28,0,1,#7FFF00
sid-3,Cheater-r(5):b29,0,1,#FF0000
sid-24,Cheater-r(5):b29,0,1,#BFBFBF
sid-38,Cheater-r(5):b29,0,1,#BFBFBF
sid-45,Cheater-r(5):b29,0,1,#BFBFBF
sid-3,Cheater-r(11):b30,0,1,#FF0000
sid-36,Cheater-r(11):b30,0,1,#DDA0DD
sid-45,Cheater-r(11):b30,0,1,#BFBFBF
sid-72,Cheater-r(11):b30,0,1,#4169E1
sid-80,Cheater-r(11):b30,0,1,#808000
sid-90,Cheater-r(11):b30,0,1,#0000CD
sid-92,Cheater-r(11):b30,0,1,#FF8C00
sid-94,Cheater-r(11):b30,0,1,#7FFF00
sid-3,Cheater-r(9):b31,0,1,#FF0000
sid-36,Cheater-r(9):b31,0,1,#DDA0DD
sid-69,Cheater-r(9):b31,0,1,#BFBFBF
sid-77,Cheater-r(9):b31,0,1,#BFBFBF
sid-87,Cheater-r(9):b31,0,1,#BFBFBF
sid-90,Cheater-r(9):b31,0,1,#0000CD
sid-91,Cheater-r(9):b31,0,1,#FF00FF
sid-3,Cheater-r(7):b32,0,1,#FF0000
sid-36,Cheater-r(7):b32,0,1,#DDA0DD
sid-69,Cheater-r(7):b32,0,1,#BFBFBF
sid-77,Cheater-r(7):b32,0,1,#BFBFBF
sid-87,Cheater-r(7):b32,0,1,#BFBFBF
sid-91,Cheater-r(7):b32,0,1,#FF00FF
sid-3,Cheater-r(8):b33,0,1,#FF0000
sid-36,Cheater-r(8):b33,0,1,#DDA0DD
sid-69,Cheater-r(8):b33,0,1,#BFBFBF
sid-87,Cheater-r(8):b33,0,1,#BFBFBF
sid-90,Cheater-r(8):b33,0,1,#0000CD
sid-91,Cheater-r(8):b33,0,1,#FF00FF
sid-3,Cheater-r(5):b34,0,1,#FF0000
sid-58,Cheater-r(5):b34,0,1,#BFBFBF
sid-90,Cheater-r(5):b34,0,1,#0000CD
sid-91,Cheater-r(5):b34,0,1,#FF00FF
sid-3,Cheater-r(6):b35,0,1,#FF0000
sid-58,Cheater-r(6):b35,0,1,#BFBFBF
sid-90,Cheater-r(6):b35,0,1,#0000CD
sid-91,Cheater-r(6):b35,0,1,#FF00FF
sid-94,Cheater-r(6):b35,0,1,#7FFF00
sid-3,Cheater-r(4):b36,0,1,#FF0000
sid-77,Cheater-r(4):b36,0,1,#BFBFBF
sid-90,Cheater-r(4):b36,0,1,#0000CD
sid-91,Cheater-r(4):b36,0,1,#FF00FF
sid-3,Cheater-r(5):b37,0,1,#FF0000
sid-77,Cheater-r(5):b37,0,1,#BFBFBF
sid-90,Cheater-r(5):b37,0,1,#0000CD
sid-91,Cheater-r(5):b37,0,1,#FF00FF
sid-3,Cheater-r(6):b38,0,1,#FF0000
sid-77,Cheater-r(6):b38,0,1,#BFBFBF
sid-90,Cheater-r(6):b38,0,1,#0000CD
sid-91,Cheater-r(6):b38,0,1,#FF00FF
sid-94,Cheater-r(6):b38,0,1,#7FFF00
sid-3,Cheater-r(2):b39,0,1,#FF0000
sid-90,Cheater-r(2):b39,0,1,#0000CD
sid-3,Cheater-r(5):b40,0,1,#FF0000
sid-90,Cheater-r(5):b40,0,1,#0000CD
sid-91,Cheater-r(5):b40,0,1,#FF00FF
sid-94,Cheater-r(5):b40,0,1,#7FFF00
sid-5,Cheater-r(1):b41,0,1,#BFBFBF
sid-5,Cheater-r(2):b42,0,1,#BFBFBF
sid-5,Cheater-r(6):b43,0,1,#BFBFBF
sid-26,Cheater-r(6):b43,0,1,#BFBFBF
sid-36,Cheater-r(6):b43,0,1,#DDA0DD
sid-5,Cheater-r(4):b44,0,1,#BFBFBF
sid-24,Cheater-r(4):b44,0,1,#BFBFBF
sid-72,Cheater-r(4):b44,0,1,#4169E1
sid-80,Cheater-r(4):b44,0,1,#808000
sid-6,Cheater-r(1):b45,0,1,#BFBFBF
sid-6,Cheater-r(3):b46,0,1,#BFBFBF
sid-23,Cheater-r(3):b46,0,1,#BFBFBF
sid-6,Cheater-r(4):b47,0,1,#BFBFBF
sid-35,Cheater-r(4):b47,0,1,#00FFFF
sid-94,Cheater-r(4):b47,0,1,#7FFF00
sid-6,Cheater-r(3):b48,0,1,#BFBFBF
sid-35,Cheater-r(3):b48,0,1,#00FFFF
sid-94,Cheater-r(3):b48,0,1,#7FFF00
sid-6,Cheater-r(4):b49,0,1,#BFBFBF
sid-45,Cheater-r(4):b49,0,1,#BFBFBF
sid-66,Cheater-r(4):b49,0,1,#BFBFBF
sid-87,Cheater-r(4):b49,0,1,#BFBFBF
sid-6,Cheater-r(4):b50,0,1,#BFBFBF
sid-45,Cheater-r(4):b50,0,1,#BFBFBF
sid-87,Cheater-r(4):b50,0,1,#BFBFBF
sid-6,Cheater-r(3):b51,0,1,#BFBFBF
sid-80,Cheater-r(3):b51,0,1,#808000
sid-6,Cheater-r(3):b52,0,1,#BFBFBF
sid-87,Cheater-r(3):b52,0,1,#BFBFBF
sid-7,Cheater-r(11):b53,0,1,#BFBFBF
sid-26,Cheater-r(11):b53,0,1,#BFBFBF
sid-35,Cheater-r(11):b53,0,1,#00FFFF
sid-69,Cheater-r(11):b53,0,1,#BFBFBF
sid-72,Cheater-r(11):b53,0,1,#4169E1
sid-81,Cheater-r(11):b53,0,1,#BFBFBF
sid-86,Cheater-r(11):b53,0,1,#BFBFBF
sid-94,Cheater-r(11):b53,0,1,#7FFF00
sid-7,Cheater-r(8):b54,0,1,#BFBFBF
sid-65,Cheater-r(8):b54,0,1,#BFBFBF
sid-87,Cheater-r(8):b54,0,1,#BFBFBF
sid-90,Cheater-r(8):b54,0,1,#0000CD
sid-91,Cheater-r(8):b54,0,1,#FF00FF
sid-26,Cheater-r(5):b58,0,1,#BFBFBF
sid-69,Cheater-r(5):b58,0,1,#BFBFBF
sid-72,Cheater-r(5):b58,0,1,#4169E1
sid-88,Cheater-r(5):b58,0,1,#BFBFBF
sid-26,Cheater-r(2):b59,0,1,#BFBFBF
sid-26,Cheater-r(3):b60,0,1,#BFBFBF
sid-23,Cheater-r(2):b63,0,1,#BFBFBF
sid-26,Cheater-r(2):b63,0,1,#BFBFBF
sid-23,Cheater-r(3):b64,0,1,#BFBFBF
sid-26,Cheater-r(3):b64,0,1,#BFBFBF
sid-45,Cheater-r(3):b64,0,1,#BFBFBF
sid-23,Cheater-r(2):b65,0,1,#BFBFBF
sid-24,Cheater-r(1):b66,0,1,#BFBFBF
sid-24,Cheater-r(2):b67,0,1,#BFBFBF
sid-26,Cheater-r(2):b67,0,1,#BFBFBF
sid-24,Cheater-r(3):b68,0,1,#BFBFBF
sid-56,Cheater-r(3):b68,0,1,#BFBFBF
sid-24,Cheater-r(5):b69,0,1,#BFBFBF
sid-35,Cheater-r(5):b69,0,1,#00FFFF
sid-80,Cheater-r(5):b69,0,1,#808000
sid-93,Cheater-r(5):b69,0,1,#BFBFBF
sid-24,Cheater-r(4):b70,0,1,#BFBFBF
sid-38,Cheater-r(4):b70,0,1,#BFBFBF
sid-45,Cheater-r(4):b70,0,1,#BFBFBF
sid-94,Cheater-r(4):b70,0,1,#7FFF00
sid-24,Cheater-r(2):b71,0,1,#BFBFBF
sid-56,Cheater-r(2):b71,0,1,#BFBFBF
sid-24,Cheater-r(3):b72,0,1,#BFBFBF
sid-56,Cheater-r(3):b72,0,1,#BFBFBF
sid-93,Cheater-r(3):b72,0,1,#BFBFBF
sid-24,Cheater-r(2):b73,0,1,#BFBFBF
sid-94,Cheater-r(2):b73,0,1,#7FFF00
sid-26,Cheater-r(1):b75,0,1,#BFBFBF
sid-56,Cheater-r(2):b78,0,1,#BFBFBF
sid-35,Cheater-r(1):b81,0,1,#00FFFF
sid-35,Cheater-r(4):b82,0,1,#00FFFF
sid-56,Cheater-r(4):b82,0,1,#BFBFBF
sid-91,Cheater-r(4):b82,0,1,#FF00FF
sid-93,Cheater-r(4):b82,0,1,#BFBFBF
sid-35,Cheater-r(3):b83,0,1,#00FFFF
sid-56,Cheater-r(3):b83,0,1,#BFBFBF
sid-93,Cheater-r(3):b83,0,1,#BFBFBF
sid-35,Cheater-r(4):b84,0,1,#00FFFF
sid-80,Cheater-r(4):b84,0,1,#808000
sid-93,Cheater-r(4):b84,0,1,#BFBFBF
sid-35,Cheater-r(3):b85,0,1,#00FFFF
sid-93,Cheater-r(3):b85,0,1,#BFBFBF
sid-35,Cheater-r(4):b86,0,1,#00FFFF
sid-72,Cheater-r(4):b86,0,1,#4169E1
sid-94,Cheater-r(4):b86,0,1,#7FFF00
sid-35,Cheater-r(3):b87,0,1,#00FFFF
sid-80,Cheater-r(3):b87,0,1,#808000
sid-93,Cheater-r(3):b87,0,1,#BFBFBF
sid-37,Cheater-r(3):b88,0,1,#00BFFF
sid-66,Cheater-r(3):b88,0,1,#BFBFBF
sid-39,Cheater-r(1):b89,0,1,#7F007F
sid-45,Cheater-r(4):b91,0,1,#BFBFBF
sid-80,Cheater-r(4):b91,0,1,#808000
sid-45,Cheater-r(5):b92,0,1,#BFBFBF
sid-80,Cheater-r(5):b92,0,1,#808000
sid-86,Cheater-r(5):b92,0,1,#BFBFBF
sid-46,Cheater-r(6):b93,0,1,#BFBFBF
sid-77,Cheater-r(6):b93,0,1,#BFBFBF
sid-90,Cheater-r(6):b93,0,1,#0000CD
sid-91,Cheater-r(6):b93,0,1,#FF00FF
sid-55,Cheater-r(2):b95,0,1,#BFBFBF
sid-87,Cheater-r(2):b95,0,1,#BFBFBF
sid-56,Cheater-r(1):b96,0,1,#BFBFBF
sid-56,Cheater-r(2):b97,0,1,#BFBFBF
sid-93,Cheater-r(2):b97,0,1,#BFBFBF
sid-72,Cheater-r(2):b100,0,1,#4169E1
sid-94,Cheater-r(2):b100,0,1,#7FFF00
sid-77,Cheater-r(3):b101,0,1,#BFBFBF
sid-90,Cheater-r(3):b101,0,1,#0000CD
sid-91,Cheater-r(3):b101,0,1,#FF00FF
sid-77,Cheater-r(4):b102,0,1,#BFBFBF
sid-90,Cheater-r(4):b102,0,1,#0000CD
sid-91,Cheater-r(4):b102,0,1,#FF00FF
sid-77,Cheater-r(5):b103,0,1,#BFBFBF
sid-90,Cheater-r(5):b103,0,1,#0000CD
sid-91,Cheater-r(5):b103,0,1,#FF00FF
sid-77,Cheater-r(6):b104,0,1,#BFBFBF
sid-90,Cheater-r(6):b104,0,1,#0000CD
sid-91,Cheater-r(6):b104,0,1,#FF00FF
sid-94,Cheater-r(6):b104,0,1,#7FFF00
sid-77,Cheater-r(4):b105,0,1,#BFBFBF
sid-91,Cheater-r(4):b105,0,1,#FF00FF
sid-87,Cheater-r(1):b107,0,1,#BFBFBF
sid-87,Cheater-r(2):b108,0,1,#BFBFBF
sid-91,Cheater-r(2):b108,0,1,#FF00FF
sid-90,Cheater-r(1):b109,0,1,#0000CD
sid-90,Cheater-r(4):b110,0,1,#0000CD
sid-91,Cheater-r(4):b110,0,1,#FF00FF
sid-90,Cheater-r(2):b111,0,1,#0000CD
sid-92,Cheater-r(2):b111,0,1,#FF8C00
sid-90,Cheater-r(2):b112,0,1,#0000CD
sid-94,Cheater-r(2):b112,0,1,#7FFF00
sid-91,Cheater-r(1):b113,0,1,#FF00FF
sid-92,Cheater-r(1):b114,0,1,#FF8C00
sid-93,Cheater-r(1):b115,0,1,#BFBFBF
Pure-s1:b116,sid-1,1,1,#000000
sid-1,Pure-s1:b116,0,1,#191970
Partial-s1-r(8):b117,sid-1,1,1,#000000
sid-1,Partial-s1-r(8):b117,0,1,#191970
sid-2,Partial-s1-r(8):b117,0,1,#FFFF54
sid-7,Partial-s1-r(8):b117,0,1,#BFBFBF
sid-26,Partial-s1-r(8):b117,0,1,#BFBFBF
sid-36,Partial-s1-r(8):b117,0,1,#DDA0DD
sid-45,Partial-s1-r(8):b117,0,1,#BFBFBF
sid-90,Partial-s1-r(8):b117,0,1,#0000CD
sid-91,Partial-s1-r(8):b117,0,1,#FF00FF
Pure-s2:b118,sid-2,1,2,#000000
sid-2,Pure-s2:b118,0,1,#FFFF54
Partial-s2-r(9):b119,sid-2,1,1,#000000
sid-2,Partial-s2-r(9):b119,0,1,#FFFF54
sid-3,Partial-s2-r(9):b119,0,1,#FF0000
sid-36,Partial-s2-r(9):b119,0,1,#DDA0DD
sid-69,Partial-s2-r(9):b119,0,1,#BFBFBF
sid-72,Partial-s2-r(9):b119,0,1,#4169E1
sid-84,Partial-s2-r(9):b119,0,1,#BFBFBF
sid-90,Partial-s2-r(9):b119,0,1,#0000CD
sid-91,Partial-s2-r(9):b119,0,1,#FF00FF
Partial-s3-r(9):b120,sid-3,1,1,#000000
sid-1,Partial-s3-r(9):b120,0,1,#191970
sid-2,Partial-s3-r(9):b120,0,1,#FFFF54
sid-3,Partial-s3-r(9):b120,0,1,#FF0000
sid-78,Partial-s3-r(9):b120,0,1,#BFBFBF
sid-90,Partial-s3-r(9):b120,0,1,#0000CD
sid-91,Partial-s3-r(9):b120,0,1,#FF00FF
sid-94,Partial-s3-r(9):b120,0,1,#7FFF00
Partial-s3-r(8):b121,sid-3,1,1,#000000
sid-1,Partial-s3-r(8):b121,0,1,#191970
sid-2,Partial-s3-r(8):b121,0,1,#FFFF54
sid-3,Partial-s3-r(8):b121,0,1,#FF0000
sid-78,Partial-s3-r(8):b121,0,1,#BFBFBF
sid-90,Partial-s3-r(8):b121,0,1,#0000CD
sid-91,Partial-s3-r(8):b121,0,1,#FF00FF
sid-94,Partial-s3-r(8):b121,0,1,#7FFF00
Partial-s3-r(8):b122,sid-3,1,1,#000000
sid-1,Partial-s3-r(8):b122,0,1,#191970
sid-2,Partial-s3-r(8):b122,0,1,#FFFF54
sid-3,Partial-s3-r(8):b122,0,1,#FF0000
sid-77,Partial-s3-r(8):b122,0,1,#BFBFBF
sid-90,Partial-s3-r(8):b122,0,1,#0000CD
sid-91,Partial-s3-r(8):b122,0,1,#FF00FF
sid-94,Partial-s3-r(8):b122,0,1,#7FFF00
Partial-s3-r(7):b123,sid-3,1,1,#000000
sid-1,Partial-s3-r(7):b123,0,1,#191970
sid-2,Partial-s3-r(7):b123,0,1,#FFFF54
sid-3,Partial-s3-r(7):b123,0,1,#FF0000
sid-90,Partial-s3-r(7):b123,0,1,#0000CD
sid-91,Partial-s3-r(7):b123,0,1,#FF00FF
sid-94,Partial-s3-r(7):b123,0,1,#7FFF00
Partial-s3-r(2):b124,sid-3,1,10,#000000
sid-1,Partial-s3-r(2):b124,0,1,#191970
sid-3,Partial-s3-r(2):b124,0,1,#FF0000
Partial-s3-r(8):b125,sid-3,1,1,#000000
sid-1,Partial-s3-r(8):b125,0,1,#191970
sid-3,Partial-s3-r(8):b125,0,1,#FF0000
sid-35,Partial-s3-r(8):b125,0,1,#00FFFF
sid-36,Partial-s3-r(8):b125,0,1,#DDA0DD
sid-75,Partial-s3-r(8):b125,0,1,#800000
sid-81,Partial-s3-r(8):b125,0,1,#BFBFBF
Partial-s3-r(3):b126,sid-3,1,6,#000000
sid-1,Partial-s3-r(3):b126,0,1,#191970
sid-3,Partial-s3-r(3):b126,0,1,#FF0000
sid-4,Partial-s3-r(3):b126,0,1,#BFBFBF
Partial-s3-r(5):b127,sid-3,1,1,#000000
sid-1,Partial-s3-r(5):b127,0,1,#191970
sid-3,Partial-s3-r(5):b127,0,1,#FF0000
sid-4,Partial-s3-r(5):b127,0,1,#BFBFBF
sid-36,Partial-s3-r(5):b127,0,1,#DDA0DD
sid-94,Partial-s3-r(5):b127,0,1,#7FFF00
Partial-s3-r(5):b128,sid-3,1,1,#000000
sid-1,Partial-s3-r(5):b128,0,1,#191970
sid-3,Partial-s3-r(5):b128,0,1,#FF0000
sid-36,Partial-s3-r(5):b128,0,1,#DDA0DD
sid-90,Partial-s3-r(5):b128,0,1,#0000CD
sid-94,Partial-s3-r(5):b128,0,1,#7FFF00
Partial-s3-r(3):b129,sid-3,1,2,#000000
sid-1,Partial-s3-r(3):b129,0,1,#191970
sid-3,Partial-s3-r(3):b129,0,1,#FF0000
sid-90,Partial-s3-r(3):b129,0,1,#0000CD
Partial-s3-r(4):b130,sid-3,1,2,#000000
sid-1,Partial-s3-r(4):b130,0,1,#191970
sid-3,Partial-s3-r(4):b130,0,1,#FF0000
sid-90,Partial-s3-r(4):b130,0,1,#0000CD
sid-94,Partial-s3-r(4):b130,0,1,#7FFF00
Pure-s3:b131,sid-3,1,320,#000000
sid-3,Pure-s3:b131,0,1,#FF0000
Partial-s3-r(2):b132,sid-3,1,2,#000000
sid-3,Partial-s3-r(2):b132,0,1,#FF0000
Partial-s3-r(3):b133,sid-3,1,3,#000000
sid-3,Partial-s3-r(3):b133,0,1,#FF0000
sid-4,Partial-s3-r(3):b133,0,1,#BFBFBF
sid-94,Partial-s3-r(3):b133,0,1,#7FFF00
Partial-s3-r(4):b134,sid-3,1,1,#000000
sid-3,Partial-s3-r(4):b134,0,1,#FF0000
sid-6,Partial-s3-r(4):b134,0,1,#BFBFBF
sid-37,Partial-s3-r(4):b134,0,1,#00BFFF
sid-91,Partial-s3-r(4):b134,0,1,#FF00FF
Partial-s3-r(2):b135,sid-3,1,4,#000000
sid-3,Partial-s3-r(2):b135,0,1,#FF0000
sid-72,Partial-s3-r(2):b135,0,1,#4169E1
Partial-s3-r(2):b136,sid-3,1,6,#000000
sid-3,Partial-s3-r(2):b136,0,1,#FF0000
sid-90,Partial-s3-r(2):b136,0,1,#0000CD
Partial-s3-r(2):b137,sid-3,1,1,#000000
sid-3,Partial-s3-r(2):b137,0,1,#FF0000
sid-91,Partial-s3-r(2):b137,0,1,#FF00FF
Partial-s3-r(2):b138,sid-3,1,9,#000000
sid-3,Partial-s3-r(2):b138,0,1,#FF0000
sid-94,Partial-s3-r(2):b138,0,1,#7FFF00
Partial-s4-r(2):b139,sid-4,1,1,#000000
sid-1,Partial-s4-r(2):b139,0,1,#191970
sid-4,Partial-s4-r(2):b139,0,1,#BFBFBF
Partial-s4-r(2):b140,sid-4,1,1,#000000
sid-4,Partial-s4-r(2):b140,0,1,#BFBFBF
sid-37,Partial-s4-r(2):b140,0,1,#00BFFF
Partial-s4-r(3):b141,sid-4,1,1,#000000
sid-4,Partial-s4-r(3):b141,0,1,#BFBFBF
sid-72,Partial-s4-r(3):b141,0,1,#4169E1
sid-80,Partial-s4-r(3):b141,0,1,#808000
Partial-s4-r(2):b142,sid-4,1,2,#000000
sid-4,Partial-s4-r(2):b142,0,1,#BFBFBF
sid-94,Partial-s4-r(2):b142,0,1,#7FFF00
Partial-s5-r(19):b143,sid-5,1,1,#000000
sid-1,Partial-s5-r(19):b143,0,1,#191970
sid-3,Partial-s5-r(19):b143,0,1,#FF0000
sid-5,Partial-s5-r(19):b143,0,1,#BFBFBF
sid-26,Partial-s5-r(19):b143,0,1,#BFBFBF
sid-35,Partial-s5-r(19):b143,0,1,#00FFFF
sid-38,Partial-s5-r(19):b143,0,1,#BFBFBF
sid-45,Partial-s5-r(19):b143,0,1,#BFBFBF
sid-55,Partial-s5-r(19):b143,0,1,#BFBFBF
sid-57,Partial-s5-r(19):b143,0,1,#BFBFBF
sid-65,Partial-s5-r(19):b143,0,1,#BFBFBF
sid-66,Partial-s5-r(19):b143,0,1,#BFBFBF
sid-72,Partial-s5-r(19):b143,0,1,#4169E1
sid-80,Partial-s5-r(19):b143,0,1,#808000
sid-92,Partial-s5-r(19):b143,0,1,#FF8C00
sid-94,Partial-s5-r(19):b143,0,1,#7FFF00
Partial-s6-r(7):b144,sid-6,1,1,#000000
sid-6,Partial-s6-r(7):b144,0,1,#BFBFBF
sid-26,Partial-s6-r(7):b144,0,1,#BFBFBF
sid-35,Partial-s6-r(7):b144,0,1,#00FFFF
sid-45,Partial-s6-r(7):b144,0,1,#BFBFBF
sid-80,Partial-s6-r(7):b144,0,1,#808000
sid-86,Partial-s6-r(7):b144,0,1,#BFBFBF
Partial-s7-r(9):b145,sid-7,1,1,#000000
sid-1,Partial-s7-r(9):b145,0,1,#191970
sid-2,Partial-s7-r(9):b145,0,1,#FFFF54
sid-7,Partial-s7-r(9):b145,0,1,#BFBFBF
sid-37,Partial-s7-r(9):b145,0,1,#00BFFF
sid-72,Partial-s7-r(9):b145,0,1,#4169E1
sid-77,Partial-s7-r(9):b145,0,1,#BFBFBF
sid-90,Partial-s7-r(9):b145,0,1,#0000CD
sid-91,Partial-s7-r(9):b145,0,1,#FF00FF
sid-93,Partial-s7-r(9):b145,0,1,#BFBFBF
Partial-s15-r(9):b146,sid-15,1,2,#000000
sid-3,Partial-s15-r(9):b146,0,1,#FF0000
sid-15,Partial-s15-r(9):b146,0,1,#BFBFBF
sid-72,Partial-s15-r(9):b146,0,1,#4169E1
sid-76,Partial-s15-r(9):b146,0,1,#2E8B57
sid-90,Partial-s15-r(9):b146,0,1,#0000CD
sid-91,Partial-s15-r(9):b146,0,1,#FF00FF
sid-92,Partial-s15-r(9):b146,0,1,#FF8C00
sid-94,Partial-s15-r(9):b146,0,1,#7FFF00
Partial-s15-r(19):b147,sid-15,1,1,#000000
sid-3,Partial-s15-r(19):b147,0,1,#FF0000
sid-15,Partial-s15-r(19):b147,0,1,#BFBFBF
sid-26,Partial-s15-r(19):b147,0,1,#BFBFBF
sid-35,Partial-s15-r(19):b147,0,1,#00FFFF
sid-37,Partial-s15-r(19):b147,0,1,#00BFFF
sid-38,Partial-s15-r(19):b147,0,1,#BFBFBF
sid-45,Partial-s15-r(19):b147,0,1,#BFBFBF
sid-47,Partial-s15-r(19):b147,0,1,#BFBFBF
sid-57,Partial-s15-r(19):b147,0,1,#BFBFBF
sid-72,Partial-s15-r(19):b147,0,1,#4169E1
sid-76,Partial-s15-r(19):b147,0,1,#2E8B57
sid-90,Partial-s15-r(19):b147,0,1,#0000CD
sid-92,Partial-s15-r(19):b147,0,1,#FF8C00
sid-94,Partial-s15-r(19):b147,0,1,#7FFF00
Partial-s15-r(9):b148,sid-15,1,1,#000000
sid-3,Partial-s15-r(9):b148,0,1,#FF0000
sid-15,Partial-s15-r(9):b148,0,1,#BFBFBF
sid-68,Partial-s15-r(9):b148,0,1,#F08080
sid-72,Partial-s15-r(9):b148,0,1,#4169E1
sid-76,Partial-s15-r(9):b148,0,1,#2E8B57
sid-90,Partial-s15-r(9):b148,0,1,#0000CD
sid-91,Partial-s15-r(9):b148,0,1,#FF00FF
sid-92,Partial-s15-r(9):b148,0,1,#FF8C00
sid-94,Partial-s15-r(9):b148,0,1,#7FFF00
Partial-s15-r(8):b149,sid-15,1,1,#000000
sid-3,Partial-s15-r(8):b149,0,1,#FF0000
sid-15,Partial-s15-r(8):b149,0,1,#BFBFBF
sid-68,Partial-s15-r(8):b149,0,1,#F08080
sid-72,Partial-s15-r(8):b149,0,1,#4169E1
sid-76,Partial-s15-r(8):b149,0,1,#2E8B57
sid-90,Partial-s15-r(8):b149,0,1,#0000CD
sid-92,Partial-s15-r(8):b149,0,1,#FF8C00
sid-94,Partial-s15-r(8):b149,0,1,#7FFF00
Partial-s23-r(7):b150,sid-23,1,1,#000000
sid-3,Partial-s23-r(7):b150,0,1,#FF0000
sid-23,Partial-s23-r(7):b150,0,1,#BFBFBF
sid-26,Partial-s23-r(7):b150,0,1,#BFBFBF
sid-37,Partial-s23-r(7):b150,0,1,#00BFFF
sid-38,Partial-s23-r(7):b150,0,1,#BFBFBF
sid-75,Partial-s23-r(7):b150,0,1,#800000
Partial-s23-r(6):b151,sid-23,1,4,#000000
sid-23,Partial-s23-r(6):b151,0,1,#BFBFBF
sid-26,Partial-s23-r(6):b151,0,1,#BFBFBF
sid-37,Partial-s23-r(6):b151,0,1,#00BFFF
sid-75,Partial-s23-r(6):b151,0,1,#800000
Partial-s23-r(5):b152,sid-23,1,1,#000000
sid-23,Partial-s23-r(5):b152,0,1,#BFBFBF
sid-26,Partial-s23-r(5):b152,0,1,#BFBFBF
sid-75,Partial-s23-r(5):b152,0,1,#800000
Partial-s23-r(2):b153,sid-23,1,1,#000000
sid-23,Partial-s23-r(2):b153,0,1,#BFBFBF
sid-75,Partial-s23-r(2):b153,0,1,#800000
Partial-s24-r(8):b154,sid-24,1,1,#000000
sid-1,Partial-s24-r(8):b154,0,1,#191970
sid-2,Partial-s24-r(8):b154,0,1,#FFFF54
sid-7,Partial-s24-r(8):b154,0,1,#BFBFBF
sid-24,Partial-s24-r(8):b154,0,1,#BFBFBF
sid-35,Partial-s24-r(8):b154,0,1,#00FFFF
sid-80,Partial-s24-r(8):b154,0,1,#808000
Partial-s24-r(7):b155,sid-24,1,1,#000000
sid-1,Partial-s24-r(7):b155,0,1,#191970
sid-2,Partial-s24-r(7):b155,0,1,#FFFF54
sid-24,Partial-s24-r(7):b155,0,1,#BFBFBF
sid-35,Partial-s24-r(7):b155,0,1,#00FFFF
sid-45,Partial-s24-r(7):b155,0,1,#BFBFBF
sid-80,Partial-s24-r(7):b155,0,1,#808000
sid-93,Partial-s24-r(7):b155,0,1,#BFBFBF
Partial-s24-r(13):b156,sid-24,1,1,#000000
sid-24,Partial-s24-r(13):b156,0,1,#BFBFBF
sid-37,Partial-s24-r(13):b156,0,1,#00BFFF
sid-55,Partial-s24-r(13):b156,0,1,#BFBFBF
sid-72,Partial-s24-r(13):b156,0,1,#4169E1
sid-80,Partial-s24-r(13):b156,0,1,#808000
sid-85,Partial-s24-r(13):b156,0,1,#BFBFBF
sid-93,Partial-s24-r(13):b156,0,1,#BFBFBF
sid-94,Partial-s24-r(13):b156,0,1,#7FFF00
Partial-s26-r(8):b157,sid-26,1,1,#000000
sid-1,Partial-s26-r(8):b157,0,1,#191970
sid-2,Partial-s26-r(8):b157,0,1,#FFFF54
sid-7,Partial-s26-r(8):b157,0,1,#BFBFBF
sid-26,Partial-s26-r(8):b157,0,1,#BFBFBF
sid-36,Partial-s26-r(8):b157,0,1,#DDA0DD
sid-45,Partial-s26-r(8):b157,0,1,#BFBFBF
sid-90,Partial-s26-r(8):b157,0,1,#0000CD
sid-91,Partial-s26-r(8):b157,0,1,#FF00FF
Partial-s35-r(5):b158,sid-35,1,2,#000000
sid-2,Partial-s35-r(5):b158,0,1,#FFFF54
sid-35,Partial-s35-r(5):b158,0,1,#00FFFF
sid-93,Partial-s35-r(5):b158,0,1,#BFBFBF
Partial-s35-r(2):b159,sid-35,1,55,#000000
sid-2,Partial-s35-r(2):b159,0,1,#FFFF54
sid-35,Partial-s35-r(2):b159,0,1,#00FFFF
Partial-s35-r(11):b160,sid-35,1,1,#000000
sid-3,Partial-s35-r(11):b160,0,1,#FF0000
sid-7,Partial-s35-r(11):b160,0,1,#BFBFBF
sid-26,Partial-s35-r(11):b160,0,1,#BFBFBF
sid-35,Partial-s35-r(11):b160,0,1,#00FFFF
sid-46,Partial-s35-r(11):b160,0,1,#BFBFBF
sid-69,Partial-s35-r(11):b160,0,1,#BFBFBF
sid-72,Partial-s35-r(11):b160,0,1,#4169E1
sid-86,Partial-s35-r(11):b160,0,1,#BFBFBF
Partial-s35-r(3):b161,sid-35,1,1,#000000
sid-7,Partial-s35-r(3):b161,0,1,#BFBFBF
sid-24,Partial-s35-r(3):b161,0,1,#BFBFBF
sid-35,Partial-s35-r(3):b161,0,1,#00FFFF
Partial-s35-r(2):b162,sid-35,1,2,#000000
sid-35,Partial-s35-r(2):b162,0,1,#00FFFF
Pure-s35:b163,sid-35,1,288,#000000
sid-35,Pure-s35:b163,0,1,#00FFFF
Partial-s35-r(6):b164,sid-35,1,1,#000000
sid-35,Partial-s35-r(6):b164,0,1,#00FFFF
sid-36,Partial-s35-r(6):b164,0,1,#DDA0DD
sid-45,Partial-s35-r(6):b164,0,1,#BFBFBF
sid-86,Partial-s35-r(6):b164,0,1,#BFBFBF
sid-87,Partial-s35-r(6):b164,0,1,#BFBFBF
sid-94,Partial-s35-r(6):b164,0,1,#7FFF00
Partial-s35-r(9):b165,sid-35,1,1,#000000
sid-35,Partial-s35-r(9):b165,0,1,#00FFFF
sid-36,Partial-s35-r(9):b165,0,1,#DDA0DD
sid-47,Partial-s35-r(9):b165,0,1,#BFBFBF
sid-66,Partial-s35-r(9):b165,0,1,#BFBFBF
sid-72,Partial-s35-r(9):b165,0,1,#4169E1
sid-86,Partial-s35-r(9):b165,0,1,#BFBFBF
sid-87,Partial-s35-r(9):b165,0,1,#BFBFBF
sid-92,Partial-s35-r(9):b165,0,1,#FF8C00
sid-94,Partial-s35-r(9):b165,0,1,#7FFF00
Partial-s35-r(7):b166,sid-35,1,1,#000000
sid-35,Partial-s35-r(7):b166,0,1,#00FFFF
sid-37,Partial-s35-r(7):b166,0,1,#00BFFF
sid-72,Partial-s35-r(7):b166,0,1,#4169E1
sid-86,Partial-s35-r(7):b166,0,1,#BFBFBF
sid-87,Partial-s35-r(7):b166,0,1,#BFBFBF
sid-92,Partial-s35-r(7):b166,0,1,#FF8C00
sid-94,Partial-s35-r(7):b166,0,1,#7FFF00
Partial-s35-r(5):b167,sid-35,1,2,#000000
sid-35,Partial-s35-r(5):b167,0,1,#00FFFF
sid-45,Partial-s35-r(5):b167,0,1,#BFBFBF
sid-86,Partial-s35-r(5):b167,0,1,#BFBFBF
sid-87,Partial-s35-r(5):b167,0,1,#BFBFBF
sid-94,Partial-s35-r(5):b167,0,1,#7FFF00
Partial-s35-r(3):b168,sid-35,1,2,#000000
sid-35,Partial-s35-r(3):b168,0,1,#00FFFF
sid-46,Partial-s35-r(3):b168,0,1,#BFBFBF
sid-86,Partial-s35-r(3):b168,0,1,#BFBFBF
Partial-s35-r(4):b169,sid-35,1,1,#000000
sid-35,Partial-s35-r(4):b169,0,1,#00FFFF
sid-86,Partial-s35-r(4):b169,0,1,#BFBFBF
sid-87,Partial-s35-r(4):b169,0,1,#BFBFBF
sid-94,Partial-s35-r(4):b169,0,1,#7FFF00
Partial-s35-r(2):b170,sid-35,1,1,#000000
sid-35,Partial-s35-r(2):b170,0,1,#00FFFF
sid-87,Partial-s35-r(2):b170,0,1,#BFBFBF
Partial-s36-r(5):b171,sid-36,1,1,#000000
sid-1,Partial-s36-r(5):b171,0,1,#191970
sid-3,Partial-s36-r(5):b171,0,1,#FF0000
sid-36,Partial-s36-r(5):b171,0,1,#DDA0DD
sid-72,Partial-s36-r(5):b171,0,1,#4169E1
sid-90,Partial-s36-r(5):b171,0,1,#0000CD
Partial-s36-r(5):b172,sid-36,1,3,#000000
sid-1,Partial-s36-r(5):b172,0,1,#191970
sid-3,Partial-s36-r(5):b172,0,1,#FF0000
sid-36,Partial-s36-r(5):b172,0,1,#DDA0DD
sid-90,Partial-s36-r(5):b172,0,1,#0000CD
sid-94,Partial-s36-r(5):b172,0,1,#7FFF00
Partial-s36-r(2):b173,sid-36,1,7,#000000
sid-1,Partial-s36-r(2):b173,0,1,#191970
sid-36,Partial-s36-r(2):b173,0,1,#DDA0DD
Partial-s36-r(3):b174,sid-36,1,6,#000000
sid-1,Partial-s36-r(3):b174,0,1,#191970
sid-36,Partial-s36-r(3):b174,0,1,#DDA0DD
sid-90,Partial-s36-r(3):b174,0,1,#0000CD
Partial-s36-r(2):b175,sid-36,1,1,#000000
sid-3,Partial-s36-r(2):b175,0,1,#FF0000
sid-36,Partial-s36-r(2):b175,0,1,#DDA0DD
Partial-s36-r(3):b176,sid-36,1,4,#000000
sid-3,Partial-s36-r(3):b176,0,1,#FF0000
sid-36,Partial-s36-r(3):b176,0,1,#DDA0DD
sid-94,Partial-s36-r(3):b176,0,1,#7FFF00
Partial-s36-r(3):b177,sid-36,1,3,#000000
sid-4,Partial-s36-r(3):b177,0,1,#BFBFBF
sid-36,Partial-s36-r(3):b177,0,1,#DDA0DD
sid-94,Partial-s36-r(3):b177,0,1,#7FFF00
Partial-s36-r(3):b178,sid-36,1,1,#000000
sid-26,Partial-s36-r(3):b178,0,1,#BFBFBF
sid-36,Partial-s36-r(3):b178,0,1,#DDA0DD
sid-94,Partial-s36-r(3):b178,0,1,#7FFF00
Pure-s36:b179,sid-36,1,29,#000000
sid-36,Pure-s36:b179,0,1,#DDA0DD
Partial-s36-r(2):b180,sid-36,1,11,#000000
sid-36,Partial-s36-r(2):b180,0,1,#DDA0DD
sid-90,Partial-s36-r(2):b180,0,1,#0000CD
Partial-s36-r(3):b181,sid-36,1,3,#000000
sid-36,Partial-s36-r(3):b181,0,1,#DDA0DD
sid-90,Partial-s36-r(3):b181,0,1,#0000CD
sid-94,Partial-s36-r(3):b181,0,1,#7FFF00
Partial-s36-r(2):b182,sid-36,1,16,#000000
sid-36,Partial-s36-r(2):b182,0,1,#DDA0DD
sid-94,Partial-s36-r(2):b182,0,1,#7FFF00
Pure-s37:b183,sid-37,1,7,#000000
sid-37,Pure-s37:b183,0,1,#00BFFF
Partial-s37-r(4):b184,sid-37,1,1,#000000
sid-37,Partial-s37-r(4):b184,0,1,#00BFFF
sid-45,Partial-s37-r(4):b184,0,1,#BFBFBF
sid-87,Partial-s37-r(4):b184,0,1,#BFBFBF
sid-94,Partial-s37-r(4):b184,0,1,#7FFF00
Partial-s37-r(6):b185,sid-37,1,1,#000000
sid-37,Partial-s37-r(6):b185,0,1,#00BFFF
sid-55,Partial-s37-r(6):b185,0,1,#BFBFBF
sid-72,Partial-s37-r(6):b185,0,1,#4169E1
sid-85,Partial-s37-r(6):b185,0,1,#BFBFBF
sid-89,Partial-s37-r(6):b185,0,1,#BFBFBF
sid-93,Partial-s37-r(6):b185,0,1,#BFBFBF
Partial-s37-r(2):b186,sid-37,1,1,#000000
sid-37,Partial-s37-r(2):b186,0,1,#00BFFF
sid-87,Partial-s37-r(2):b186,0,1,#BFBFBF
Partial-s38-r(3):b187,sid-38,1,1,#000000
sid-1,Partial-s38-r(3):b187,0,1,#191970
sid-38,Partial-s38-r(3):b187,0,1,#BFBFBF
sid-86,Partial-s38-r(3):b187,0,1,#BFBFBF
Partial-s38-r(4):b188,sid-38,1,1,#000000
sid-1,Partial-s38-r(4):b188,0,1,#191970
sid-38,Partial-s38-r(4):b188,0,1,#BFBFBF
sid-86,Partial-s38-r(4):b188,0,1,#BFBFBF
sid-94,Partial-s38-r(4):b188,0,1,#7FFF00
Partial-s38-r(3):b189,sid-38,1,1,#000000
sid-1,Partial-s38-r(3):b189,0,1,#191970
sid-38,Partial-s38-r(3):b189,0,1,#BFBFBF
sid-94,Partial-s38-r(3):b189,0,1,#7FFF00
Partial-s38-r(6):b190,sid-38,1,1,#000000
sid-3,Partial-s38-r(6):b190,0,1,#FF0000
sid-6,Partial-s38-r(6):b190,0,1,#BFBFBF
sid-23,Partial-s38-r(6):b190,0,1,#BFBFBF
sid-26,Partial-s38-r(6):b190,0,1,#BFBFBF
sid-38,Partial-s38-r(6):b190,0,1,#BFBFBF
sid-80,Partial-s38-r(6):b190,0,1,#808000
Partial-s38-r(4):b191,sid-38,1,1,#000000
sid-26,Partial-s38-r(4):b191,0,1,#BFBFBF
sid-38,Partial-s38-r(4):b191,0,1,#BFBFBF
sid-86,Partial-s38-r(4):b191,0,1,#BFBFBF
sid-94,Partial-s38-r(4):b191,0,1,#7FFF00
Partial-s39-r(3):b192,sid-39,1,1,#000000
sid-39,Partial-s39-r(3):b192,0,1,#7F007F
sid-55,Partial-s39-r(3):b192,0,1,#BFBFBF
Pure-s39:b193,sid-39,1,80,#000000
sid-39,Pure-s39:b193,0,1,#7F007F
Partial-s39-r(3):b194,sid-39,1,1,#000000
sid-39,Partial-s39-r(3):b194,0,1,#7F007F
Partial-s39-r(2):b195,sid-39,1,2,#000000
sid-39,Partial-s39-r(2):b195,0,1,#7F007F
sid-80,Partial-s39-r(2):b195,0,1,#808000
Partial-s39-r(2):b196,sid-39,1,2,#000000
sid-39,Partial-s39-r(2):b196,0,1,#7F007F
sid-91,Partial-s39-r(2):b196,0,1,#FF00FF
Partial-s45-r(11):b197,sid-45,1,1,#000000
sid-2,Partial-s45-r(11):b197,0,1,#FFFF54
sid-3,Partial-s45-r(11):b197,0,1,#FF0000
sid-36,Partial-s45-r(11):b197,0,1,#DDA0DD
sid-45,Partial-s45-r(11):b197,0,1,#BFBFBF
sid-69,Partial-s45-r(11):b197,0,1,#BFBFBF
sid-81,Partial-s45-r(11):b197,0,1,#BFBFBF
sid-90,Partial-s45-r(11):b197,0,1,#0000CD
sid-94,Partial-s45-r(11):b197,0,1,#7FFF00
Partial-s45-r(15):b198,sid-45,1,2,#000000
sid-2,Partial-s45-r(15):b198,0,1,#FFFF54
sid-3,Partial-s45-r(15):b198,0,1,#FF0000
sid-36,Partial-s45-r(15):b198,0,1,#DDA0DD
sid-45,Partial-s45-r(15):b198,0,1,#BFBFBF
sid-69,Partial-s45-r(15):b198,0,1,#BFBFBF
sid-70,Partial-s45-r(15):b198,0,1,#00FA9A
sid-72,Partial-s45-r(15):b198,0,1,#4169E1
sid-80,Partial-s45-r(15):b198,0,1,#808000
sid-84,Partial-s45-r(15):b198,0,1,#BFBFBF
sid-90,Partial-s45-r(15):b198,0,1,#0000CD
sid-91,Partial-s45-r(15):b198,0,1,#FF00FF
Partial-s45-r(16):b199,sid-45,1,1,#000000
sid-2,Partial-s45-r(16):b199,0,1,#FFFF54
sid-3,Partial-s45-r(16):b199,0,1,#FF0000
sid-36,Partial-s45-r(16):b199,0,1,#DDA0DD
sid-45,Partial-s45-r(16):b199,0,1,#BFBFBF
sid-69,Partial-s45-r(16):b199,0,1,#BFBFBF
sid-70,Partial-s45-r(16):b199,0,1,#00FA9A
sid-72,Partial-s45-r(16):b199,0,1,#4169E1
sid-80,Partial-s45-r(16):b199,0,1,#808000
sid-84,Partial-s45-r(16):b199,0,1,#BFBFBF
sid-90,Partial-s45-r(16):b199,0,1,#0000CD
sid-91,Partial-s45-r(16):b199,0,1,#FF00FF
Partial-s45-r(15):b200,sid-45,1,1,#000000
sid-2,Partial-s45-r(15):b200,0,1,#FFFF54
sid-3,Partial-s45-r(15):b200,0,1,#FF0000
sid-36,Partial-s45-r(15):b200,0,1,#DDA0DD
sid-45,Partial-s45-r(15):b200,0,1,#BFBFBF
sid-69,Partial-s45-r(15):b200,0,1,#BFBFBF
sid-70,Partial-s45-r(15):b200,0,1,#00FA9A
sid-72,Partial-s45-r(15):b200,0,1,#4169E1
sid-84,Partial-s45-r(15):b200,0,1,#BFBFBF
sid-90,Partial-s45-r(15):b200,0,1,#0000CD
sid-91,Partial-s45-r(15):b200,0,1,#FF00FF
Partial-s45-r(11):b201,sid-45,1,1,#000000
sid-2,Partial-s45-r(11):b201,0,1,#FFFF54
sid-3,Partial-s45-r(11):b201,0,1,#FF0000
sid-36,Partial-s45-r(11):b201,0,1,#DDA0DD
sid-45,Partial-s45-r(11):b201,0,1,#BFBFBF
sid-69,Partial-s45-r(11):b201,0,1,#BFBFBF
sid-81,Partial-s45-r(11):b201,0,1,#BFBFBF
sid-90,Partial-s45-r(11):b201,0,1,#0000CD
sid-91,Partial-s45-r(11):b201,0,1,#FF00FF
sid-94,Partial-s45-r(11):b201,0,1,#7FFF00
Partial-s45-r(11):b202,sid-45,1,1,#000000
sid-2,Partial-s45-r(11):b202,0,1,#FFFF54
sid-3,Partial-s45-r(11):b202,0,1,#FF0000
sid-36,Partial-s45-r(11):b202,0,1,#DDA0DD
sid-45,Partial-s45-r(11):b202,0,1,#BFBFBF
sid-70,Partial-s45-r(11):b202,0,1,#00FA9A
sid-72,Partial-s45-r(11):b202,0,1,#4169E1
sid-90,Partial-s45-r(11):b202,0,1,#0000CD
sid-91,Partial-s45-r(11):b202,0,1,#FF00FF
sid-94,Partial-s45-r(11):b202,0,1,#7FFF00
Partial-s45-r(15):b203,sid-45,1,1,#000000
sid-2,Partial-s45-r(15):b203,0,1,#FFFF54
sid-3,Partial-s45-r(15):b203,0,1,#FF0000
sid-36,Partial-s45-r(15):b203,0,1,#DDA0DD
sid-45,Partial-s45-r(15):b203,0,1,#BFBFBF
sid-69,Partial-s45-r(15):b203,0,1,#BFBFBF
sid-70,Partial-s45-r(15):b203,0,1,#00FA9A
sid-72,Partial-s45-r(15):b203,0,1,#4169E1
sid-81,Partial-s45-r(15):b203,0,1,#BFBFBF
sid-84,Partial-s45-r(15):b203,0,1,#BFBFBF
sid-90,Partial-s45-r(15):b203,0,1,#0000CD
sid-91,Partial-s45-r(15):b203,0,1,#FF00FF
Partial-s45-r(14):b204,sid-45,1,1,#000000
sid-3,Partial-s45-r(14):b204,0,1,#FF0000
sid-15,Partial-s45-r(14):b204,0,1,#BFBFBF
sid-45,Partial-s45-r(14):b204,0,1,#BFBFBF
sid-47,Partial-s45-r(14):b204,0,1,#BFBFBF
sid-57,Partial-s45-r(14):b204,0,1,#BFBFBF
sid-66,Partial-s45-r(14):b204,0,1,#BFBFBF
sid-68,Partial-s45-r(14):b204,0,1,#F08080
sid-72,Partial-s45-r(14):b204,0,1,#4169E1
sid-90,Partial-s45-r(14):b204,0,1,#0000CD
sid-91,Partial-s45-r(14):b204,0,1,#FF00FF
sid-92,Partial-s45-r(14):b204,0,1,#FF8C00
sid-94,Partial-s45-r(14):b204,0,1,#7FFF00
Partial-s45-r(8):b205,sid-45,1,1,#000000
sid-15,Partial-s45-r(8):b205,0,1,#BFBFBF
sid-45,Partial-s45-r(8):b205,0,1,#BFBFBF
sid-47,Partial-s45-r(8):b205,0,1,#BFBFBF
sid-68,Partial-s45-r(8):b205,0,1,#F08080
sid-86,Partial-s45-r(8):b205,0,1,#BFBFBF
sid-90,Partial-s45-r(8):b205,0,1,#0000CD
sid-91,Partial-s45-r(8):b205,0,1,#FF00FF
Partial-s45-r(5):b206,sid-45,1,1,#000000
sid-36,Partial-s45-r(5):b206,0,1,#DDA0DD
sid-45,Partial-s45-r(5):b206,0,1,#BFBFBF
sid-87,Partial-s45-r(5):b206,0,1,#BFBFBF
sid-94,Partial-s45-r(5):b206,0,1,#7FFF00
Partial-s45-r(5):b207,sid-45,1,1,#000000
sid-36,Partial-s45-r(5):b207,0,1,#DDA0DD
sid-45,Partial-s45-r(5):b207,0,1,#BFBFBF
sid-47,Partial-s45-r(5):b207,0,1,#BFBFBF
sid-90,Partial-s45-r(5):b207,0,1,#0000CD
sid-92,Partial-s45-r(5):b207,0,1,#FF8C00
Partial-s45-r(4):b208,sid-45,1,1,#000000
sid-37,Partial-s45-r(4):b208,0,1,#00BFFF
sid-45,Partial-s45-r(4):b208,0,1,#BFBFBF
sid-87,Partial-s45-r(4):b208,0,1,#BFBFBF
sid-94,Partial-s45-r(4):b208,0,1,#7FFF00
Partial-s46-r(8):b209,sid-46,1,1,#000000
sid-35,Partial-s46-r(8):b209,0,1,#00FFFF
sid-45,Partial-s46-r(8):b209,0,1,#BFBFBF
sid-46,Partial-s46-r(8):b209,0,1,#BFBFBF
sid-72,Partial-s46-r(8):b209,0,1,#4169E1
sid-86,Partial-s46-r(8):b209,0,1,#BFBFBF
Partial-s47-r(21):b210,sid-47,1,1,#000000
sid-1,Partial-s47-r(21):b210,0,1,#191970
sid-3,Partial-s47-r(21):b210,0,1,#FF0000
sid-5,Partial-s47-r(21):b210,0,1,#BFBFBF
sid-15,Partial-s47-r(21):b210,0,1,#BFBFBF
sid-35,Partial-s47-r(21):b210,0,1,#00FFFF
sid-38,Partial-s47-r(21):b210,0,1,#BFBFBF
sid-45,Partial-s47-r(21):b210,0,1,#BFBFBF
sid-47,Partial-s47-r(21):b210,0,1,#BFBFBF
sid-57,Partial-s47-r(21):b210,0,1,#BFBFBF
sid-66,Partial-s47-r(21):b210,0,1,#BFBFBF
sid-76,Partial-s47-r(21):b210,0,1,#2E8B57
sid-80,Partial-s47-r(21):b210,0,1,#808000
sid-94,Partial-s47-r(21):b210,0,1,#7FFF00
Partial-s55-r(4):b211,sid-55,1,1,#000000
sid-38,Partial-s55-r(4):b211,0,1,#BFBFBF
sid-55,Partial-s55-r(4):b211,0,1,#BFBFBF
sid-93,Partial-s55-r(4):b211,0,1,#BFBFBF
sid-94,Partial-s55-r(4):b211,0,1,#7FFF00
Partial-s56-r(4):b212,sid-56,1,1,#000000
sid-56,Partial-s56-r(4):b212,0,1,#BFBFBF
sid-85,Partial-s56-r(4):b212,0,1,#BFBFBF
sid-90,Partial-s56-r(4):b212,0,1,#0000CD
sid-93,Partial-s56-r(4):b212,0,1,#BFBFBF
Partial-s57-r(8):b213,sid-57,1,1,#000000
sid-1,Partial-s57-r(8):b213,0,1,#191970
sid-26,Partial-s57-r(8):b213,0,1,#BFBFBF
sid-35,Partial-s57-r(8):b213,0,1,#00FFFF
sid-38,Partial-s57-r(8):b213,0,1,#BFBFBF
sid-45,Partial-s57-r(8):b213,0,1,#BFBFBF
sid-57,Partial-s57-r(8):b213,0,1,#BFBFBF
sid-72,Partial-s57-r(8):b213,0,1,#4169E1
sid-94,Partial-s57-r(8):b213,0,1,#7FFF00
Partial-s58-r(5):b214,sid-58,1,1,#000000
sid-58,Partial-s58-r(5):b214,0,1,#BFBFBF
sid-86,Partial-s58-r(5):b214,0,1,#BFBFBF
sid-87,Partial-s58-r(5):b214,0,1,#BFBFBF
sid-91,Partial-s58-r(5):b214,0,1,#FF00FF
Partial-s58-r(3):b215,sid-58,1,5,#000000
sid-58,Partial-s58-r(3):b215,0,1,#BFBFBF
sid-86,Partial-s58-r(3):b215,0,1,#BFBFBF
sid-87,Partial-s58-r(3):b215,0,1,#BFBFBF
Partial-s65-r(6):b216,sid-65,1,1,#000000
sid-35,Partial-s65-r(6):b216,0,1,#00FFFF
sid-45,Partial-s65-r(6):b216,0,1,#BFBFBF
sid-65,Partial-s65-r(6):b216,0,1,#BFBFBF
sid-86,Partial-s65-r(6):b216,0,1,#BFBFBF
Partial-s65-r(3):b217,sid-65,1,3,#000000
sid-65,Partial-s65-r(3):b217,0,1,#BFBFBF
sid-72,Partial-s65-r(3):b217,0,1,#4169E1
sid-86,Partial-s65-r(3):b217,0,1,#BFBFBF
Partial-s66-r(21):b218,sid-66,1,1,#000000
sid-1,Partial-s66-r(21):b218,0,1,#191970
sid-3,Partial-s66-r(21):b218,0,1,#FF0000
sid-5,Partial-s66-r(21):b218,0,1,#BFBFBF
sid-15,Partial-s66-r(21):b218,0,1,#BFBFBF
sid-35,Partial-s66-r(21):b218,0,1,#00FFFF
sid-38,Partial-s66-r(21):b218,0,1,#BFBFBF
sid-45,Partial-s66-r(21):b218,0,1,#BFBFBF
sid-47,Partial-s66-r(21):b218,0,1,#BFBFBF
sid-57,Partial-s66-r(21):b218,0,1,#BFBFBF
sid-66,Partial-s66-r(21):b218,0,1,#BFBFBF
sid-76,Partial-s66-r(21):b218,0,1,#2E8B57
sid-80,Partial-s66-r(21):b218,0,1,#808000
sid-94,Partial-s66-r(21):b218,0,1,#7FFF00
Partial-s66-r(5):b219,sid-66,1,1,#000000
sid-1,Partial-s66-r(5):b219,0,1,#191970
sid-35,Partial-s66-r(5):b219,0,1,#00FFFF
sid-38,Partial-s66-r(5):b219,0,1,#BFBFBF
sid-66,Partial-s66-r(5):b219,0,1,#BFBFBF
sid-94,Partial-s66-r(5):b219,0,1,#7FFF00
Partial-s66-r(5):b220,sid-66,1,1,#000000
sid-1,Partial-s66-r(5):b220,0,1,#191970
sid-35,Partial-s66-r(5):b220,0,1,#00FFFF
sid-66,Partial-s66-r(5):b220,0,1,#BFBFBF
sid-76,Partial-s66-r(5):b220,0,1,#2E8B57
Partial-s66-r(4):b221,sid-66,1,1,#000000
sid-36,Partial-s66-r(4):b221,0,1,#DDA0DD
sid-66,Partial-s66-r(4):b221,0,1,#BFBFBF
sid-94,Partial-s66-r(4):b221,0,1,#7FFF00
Partial-s66-r(3):b222,sid-66,1,2,#000000
sid-36,Partial-s66-r(3):b222,0,1,#DDA0DD
sid-66,Partial-s66-r(3):b222,0,1,#BFBFBF
sid-94,Partial-s66-r(3):b222,0,1,#7FFF00
Partial-s68-r(8):b223,sid-68,1,1,#000000
sid-3,Partial-s68-r(8):b223,0,1,#FF0000
sid-37,Partial-s68-r(8):b223,0,1,#00BFFF
sid-68,Partial-s68-r(8):b223,0,1,#F08080
sid-90,Partial-s68-r(8):b223,0,1,#0000CD
sid-91,Partial-s68-r(8):b223,0,1,#FF00FF
sid-94,Partial-s68-r(8):b223,0,1,#7FFF00
Partial-s68-r(5):b224,sid-68,1,1,#000000
sid-3,Partial-s68-r(5):b224,0,1,#FF0000
sid-36,Partial-s68-r(5):b224,0,1,#DDA0DD
sid-68,Partial-s68-r(5):b224,0,1,#F08080
sid-91,Partial-s68-r(5):b224,0,1,#FF00FF
Partial-s68-r(6):b225,sid-68,1,1,#000000
sid-3,Partial-s68-r(6):b225,0,1,#FF0000
sid-37,Partial-s68-r(6):b225,0,1,#00BFFF
sid-68,Partial-s68-r(6):b225,0,1,#F08080
sid-72,Partial-s68-r(6):b225,0,1,#4169E1
sid-90,Partial-s68-r(6):b225,0,1,#0000CD
sid-94,Partial-s68-r(6):b225,0,1,#7FFF00
Partial-s68-r(6):b226,sid-68,1,3,#000000
sid-3,Partial-s68-r(6):b226,0,1,#FF0000
sid-68,Partial-s68-r(6):b226,0,1,#F08080
sid-72,Partial-s68-r(6):b226,0,1,#4169E1
sid-90,Partial-s68-r(6):b226,0,1,#0000CD
sid-91,Partial-s68-r(6):b226,0,1,#FF00FF
Partial-s68-r(7):b227,sid-68,1,5,#000000
sid-3,Partial-s68-r(7):b227,0,1,#FF0000
sid-68,Partial-s68-r(7):b227,0,1,#F08080
sid-72,Partial-s68-r(7):b227,0,1,#4169E1
sid-90,Partial-s68-r(7):b227,0,1,#0000CD
sid-91,Partial-s68-r(7):b227,0,1,#FF00FF
sid-94,Partial-s68-r(7):b227,0,1,#7FFF00
Partial-s68-r(6):b228,sid-68,1,1,#000000
sid-3,Partial-s68-r(6):b228,0,1,#FF0000
sid-68,Partial-s68-r(6):b228,0,1,#F08080
sid-81,Partial-s68-r(6):b228,0,1,#BFBFBF
sid-90,Partial-s68-r(6):b228,0,1,#0000CD
sid-91,Partial-s68-r(6):b228,0,1,#FF00FF
sid-94,Partial-s68-r(6):b228,0,1,#7FFF00
Partial-s68-r(4):b229,sid-68,1,1,#000000
sid-3,Partial-s68-r(4):b229,0,1,#FF0000
sid-68,Partial-s68-r(4):b229,0,1,#F08080
sid-90,Partial-s68-r(4):b229,0,1,#0000CD
sid-91,Partial-s68-r(4):b229,0,1,#FF00FF
Partial-s68-r(6):b230,sid-68,1,4,#000000
sid-3,Partial-s68-r(6):b230,0,1,#FF0000
sid-68,Partial-s68-r(6):b230,0,1,#F08080
sid-90,Partial-s68-r(6):b230,0,1,#0000CD
sid-91,Partial-s68-r(6):b230,0,1,#FF00FF
sid-94,Partial-s68-r(6):b230,0,1,#7FFF00
Partial-s68-r(5):b231,sid-68,1,1,#000000
sid-3,Partial-s68-r(5):b231,0,1,#FF0000
sid-68,Partial-s68-r(5):b231,0,1,#F08080
sid-90,Partial-s68-r(5):b231,0,1,#0000CD
sid-91,Partial-s68-r(5):b231,0,1,#FF00FF
sid-94,Partial-s68-r(5):b231,0,1,#7FFF00
Partial-s68-r(5):b232,sid-68,1,1,#000000
sid-3,Partial-s68-r(5):b232,0,1,#FF0000
sid-68,Partial-s68-r(5):b232,0,1,#F08080
sid-91,Partial-s68-r(5):b232,0,1,#FF00FF
sid-94,Partial-s68-r(5):b232,0,1,#7FFF00
Partial-s68-r(4):b233,sid-68,1,1,#000000
sid-3,Partial-s68-r(4):b233,0,1,#FF0000
sid-68,Partial-s68-r(4):b233,0,1,#F08080
sid-91,Partial-s68-r(4):b233,0,1,#FF00FF
sid-94,Partial-s68-r(4):b233,0,1,#7FFF00
Pure-s68:b234,sid-68,1,1,#000000
sid-68,Pure-s68:b234,0,1,#F08080
Partial-s68-r(3):b235,sid-68,1,1,#000000
sid-68,Partial-s68-r(3):b235,0,1,#F08080
sid-90,Partial-s68-r(3):b235,0,1,#0000CD
sid-94,Partial-s68-r(3):b235,0,1,#7FFF00
Partial-s68-r(2):b236,sid-68,1,7,#000000
sid-68,Partial-s68-r(2):b236,0,1,#F08080
sid-94,Partial-s68-r(2):b236,0,1,#7FFF00
Partial-s69-r(16):b237,sid-69,1,1,#000000
sid-2,Partial-s69-r(16):b237,0,1,#FFFF54
sid-3,Partial-s69-r(16):b237,0,1,#FF0000
sid-36,Partial-s69-r(16):b237,0,1,#DDA0DD
sid-45,Partial-s69-r(16):b237,0,1,#BFBFBF
sid-69,Partial-s69-r(16):b237,0,1,#BFBFBF
sid-70,Partial-s69-r(16):b237,0,1,#00FA9A
sid-72,Partial-s69-r(16):b237,0,1,#4169E1
sid-80,Partial-s69-r(16):b237,0,1,#808000
sid-84,Partial-s69-r(16):b237,0,1,#BFBFBF
sid-90,Partial-s69-r(16):b237,0,1,#0000CD
sid-91,Partial-s69-r(16):b237,0,1,#FF00FF
Partial-s69-r(15):b238,sid-69,1,1,#000000
sid-2,Partial-s69-r(15):b238,0,1,#FFFF54
sid-3,Partial-s69-r(15):b238,0,1,#FF0000
sid-36,Partial-s69-r(15):b238,0,1,#DDA0DD
sid-45,Partial-s69-r(15):b238,0,1,#BFBFBF
sid-69,Partial-s69-r(15):b238,0,1,#BFBFBF
sid-70,Partial-s69-r(15):b238,0,1,#00FA9A
sid-72,Partial-s69-r(15):b238,0,1,#4169E1
sid-81,Partial-s69-r(15):b238,0,1,#BFBFBF
sid-90,Partial-s69-r(15):b238,0,1,#0000CD
sid-91,Partial-s69-r(15):b238,0,1,#FF00FF
sid-94,Partial-s69-r(15):b238,0,1,#7FFF00
Partial-s70-r(8):b239,sid-70,1,1,#000000
sid-1,Partial-s70-r(8):b239,0,1,#191970
sid-2,Partial-s70-r(8):b239,0,1,#FFFF54
sid-3,Partial-s70-r(8):b239,0,1,#FF0000
sid-70,Partial-s70-r(8):b239,0,1,#00FA9A
sid-72,Partial-s70-r(8):b239,0,1,#4169E1
sid-90,Partial-s70-r(8):b239,0,1,#0000CD
sid-91,Partial-s70-r(8):b239,0,1,#FF00FF
Partial-s70-r(8):b240,sid-70,1,1,#000000
sid-1,Partial-s70-r(8):b240,0,1,#191970
sid-2,Partial-s70-r(8):b240,0,1,#FFFF54
sid-7,Partial-s70-r(8):b240,0,1,#BFBFBF
sid-37,Partial-s70-r(8):b240,0,1,#00BFFF
sid-70,Partial-s70-r(8):b240,0,1,#00FA9A
sid-90,Partial-s70-r(8):b240,0,1,#0000CD
sid-91,Partial-s70-r(8):b240,0,1,#FF00FF
sid-93,Partial-s70-r(8):b240,0,1,#BFBFBF
Partial-s70-r(2):b241,sid-70,1,1,#000000
sid-70,Partial-s70-r(2):b241,0,1,#00FA9A
Partial-s70-r(5):b242,sid-70,1,1,#000000
sid-36,Partial-s70-r(5):b242,0,1,#DDA0DD
sid-45,Partial-s70-r(5):b242,0,1,#BFBFBF
sid-55,Partial-s70-r(5):b242,0,1,#BFBFBF
sid-70,Partial-s70-r(5):b242,0,1,#00FA9A
sid-87,Partial-s70-r(5):b242,0,1,#BFBFBF
Partial-s70-r(5):b243,sid-70,1,8,#000000
sid-36,Partial-s70-r(5):b243,0,1,#DDA0DD
sid-45,Partial-s70-r(5):b243,0,1,#BFBFBF
sid-70,Partial-s70-r(5):b243,0,1,#00FA9A
sid-87,Partial-s70-r(5):b243,0,1,#BFBFBF
sid-94,Partial-s70-r(5):b243,0,1,#7FFF00
Pure-s70:b244,sid-70,1,7,#000000
sid-70,Pure-s70:b244,0,1,#00FA9A
Partial-s72-r(4):b245,sid-72,1,2,#000000
sid-1,Partial-s72-r(4):b245,0,1,#191970
sid-36,Partial-s72-r(4):b245,0,1,#DDA0DD
sid-72,Partial-s72-r(4):b245,0,1,#4169E1
sid-90,Partial-s72-r(4):b245,0,1,#0000CD
Partial-s72-r(6):b246,sid-72,1,2,#000000
sid-1,Partial-s72-r(6):b246,0,1,#191970
sid-37,Partial-s72-r(6):b246,0,1,#00BFFF
sid-69,Partial-s72-r(6):b246,0,1,#BFBFBF
sid-72,Partial-s72-r(6):b246,0,1,#4169E1
sid-78,Partial-s72-r(6):b246,0,1,#BFBFBF
sid-94,Partial-s72-r(6):b246,0,1,#7FFF00
Partial-s72-r(2):b247,sid-72,1,3,#000000
sid-1,Partial-s72-r(2):b247,0,1,#191970
sid-72,Partial-s72-r(2):b247,0,1,#4169E1
Partial-s72-r(3):b248,sid-72,1,1,#000000
sid-1,Partial-s72-r(3):b248,0,1,#191970
sid-72,Partial-s72-r(3):b248,0,1,#4169E1
sid-90,Partial-s72-r(3):b248,0,1,#0000CD
Partial-s72-r(2):b249,sid-72,1,2,#000000
sid-2,Partial-s72-r(2):b249,0,1,#FFFF54
sid-72,Partial-s72-r(2):b249,0,1,#4169E1
Partial-s72-r(5):b250,sid-72,1,1,#000000
sid-3,Partial-s72-r(5):b250,0,1,#FF0000
sid-36,Partial-s72-r(5):b250,0,1,#DDA0DD
sid-72,Partial-s72-r(5):b250,0,1,#4169E1
sid-86,Partial-s72-r(5):b250,0,1,#BFBFBF
sid-90,Partial-s72-r(5):b250,0,1,#0000CD
Partial-s72-r(6):b251,sid-72,1,2,#000000
sid-3,Partial-s72-r(6):b251,0,1,#FF0000
sid-36,Partial-s72-r(6):b251,0,1,#DDA0DD
sid-72,Partial-s72-r(6):b251,0,1,#4169E1
sid-91,Partial-s72-r(6):b251,0,1,#FF00FF
sid-94,Partial-s72-r(6):b251,0,1,#7FFF00
Partial-s72-r(6):b252,sid-72,1,1,#000000
sid-24,Partial-s72-r(6):b252,0,1,#BFBFBF
sid-55,Partial-s72-r(6):b252,0,1,#BFBFBF
sid-72,Partial-s72-r(6):b252,0,1,#4169E1
sid-85,Partial-s72-r(6):b252,0,1,#BFBFBF
sid-89,Partial-s72-r(6):b252,0,1,#BFBFBF
sid-93,Partial-s72-r(6):b252,0,1,#BFBFBF
Partial-s72-r(6):b253,sid-72,1,1,#000000
sid-36,Partial-s72-r(6):b253,0,1,#DDA0DD
sid-45,Partial-s72-r(6):b253,0,1,#BFBFBF
sid-72,Partial-s72-r(6):b253,0,1,#4169E1
sid-80,Partial-s72-r(6):b253,0,1,#808000
sid-87,Partial-s72-r(6):b253,0,1,#BFBFBF
sid-94,Partial-s72-r(6):b253,0,1,#7FFF00
Partial-s72-r(2):b254,sid-72,1,2,#000000
sid-36,Partial-s72-r(2):b254,0,1,#DDA0DD
sid-72,Partial-s72-r(2):b254,0,1,#4169E1
Partial-s72-r(2):b255,sid-72,1,3,#000000
sid-45,Partial-s72-r(2):b255,0,1,#BFBFBF
sid-72,Partial-s72-r(2):b255,0,1,#4169E1
Pure-s72:b256,sid-72,1,6,#000000
sid-72,Pure-s72:b256,0,1,#4169E1
Partial-s75-r(3):b257,sid-75,1,1,#000000
sid-23,Partial-s75-r(3):b257,0,1,#BFBFBF
sid-35,Partial-s75-r(3):b257,0,1,#00FFFF
sid-75,Partial-s75-r(3):b257,0,1,#800000
Pure-s75:b258,sid-75,1,1,#000000
sid-75,Pure-s75:b258,0,1,#800000
Partial-s76-r(14):b259,sid-76,1,1,#000000
sid-1,Partial-s76-r(14):b259,0,1,#191970
sid-3,Partial-s76-r(14):b259,0,1,#FF0000
sid-4,Partial-s76-r(14):b259,0,1,#BFBFBF
sid-36,Partial-s76-r(14):b259,0,1,#DDA0DD
sid-66,Partial-s76-r(14):b259,0,1,#BFBFBF
sid-69,Partial-s76-r(14):b259,0,1,#BFBFBF
sid-72,Partial-s76-r(14):b259,0,1,#4169E1
sid-76,Partial-s76-r(14):b259,0,1,#2E8B57
sid-80,Partial-s76-r(14):b259,0,1,#808000
sid-81,Partial-s76-r(14):b259,0,1,#BFBFBF
sid-90,Partial-s76-r(14):b259,0,1,#0000CD
sid-94,Partial-s76-r(14):b259,0,1,#7FFF00
Partial-s76-r(11):b260,sid-76,1,2,#000000
sid-1,Partial-s76-r(11):b260,0,1,#191970
sid-3,Partial-s76-r(11):b260,0,1,#FF0000
sid-36,Partial-s76-r(11):b260,0,1,#DDA0DD
sid-69,Partial-s76-r(11):b260,0,1,#BFBFBF
sid-72,Partial-s76-r(11):b260,0,1,#4169E1
sid-76,Partial-s76-r(11):b260,0,1,#2E8B57
sid-87,Partial-s76-r(11):b260,0,1,#BFBFBF
sid-90,Partial-s76-r(11):b260,0,1,#0000CD
sid-91,Partial-s76-r(11):b260,0,1,#FF00FF
sid-93,Partial-s76-r(11):b260,0,1,#BFBFBF
sid-94,Partial-s76-r(11):b260,0,1,#7FFF00
Partial-s76-r(11):b261,sid-76,1,1,#000000
sid-1,Partial-s76-r(11):b261,0,1,#191970
sid-4,Partial-s76-r(11):b261,0,1,#BFBFBF
sid-36,Partial-s76-r(11):b261,0,1,#DDA0DD
sid-66,Partial-s76-r(11):b261,0,1,#BFBFBF
sid-69,Partial-s76-r(11):b261,0,1,#BFBFBF
sid-72,Partial-s76-r(11):b261,0,1,#4169E1
sid-76,Partial-s76-r(11):b261,0,1,#2E8B57
sid-80,Partial-s76-r(11):b261,0,1,#808000
sid-90,Partial-s76-r(11):b261,0,1,#0000CD
sid-94,Partial-s76-r(11):b261,0,1,#7FFF00
Partial-s76-r(9):b262,sid-76,1,1,#000000
sid-3,Partial-s76-r(9):b262,0,1,#FF0000
sid-36,Partial-s76-r(9):b262,0,1,#DDA0DD
sid-69,Partial-s76-r(9):b262,0,1,#BFBFBF
sid-72,Partial-s76-r(9):b262,0,1,#4169E1
sid-76,Partial-s76-r(9):b262,0,1,#2E8B57
sid-90,Partial-s76-r(9):b262,0,1,#0000CD
sid-91,Partial-s76-r(9):b262,0,1,#FF00FF
sid-93,Partial-s76-r(9):b262,0,1,#BFBFBF
sid-94,Partial-s76-r(9):b262,0,1,#7FFF00
Partial-s76-r(3):b263,sid-76,1,1,#000000
sid-76,Partial-s76-r(3):b263,0,1,#2E8B57
sid-87,Partial-s76-r(3):b263,0,1,#BFBFBF
Pure-s76:b264,sid-76,1,11,#000000
sid-76,Pure-s76:b264,0,1,#2E8B57
Partial-s76-r(2):b265,sid-76,1,3,#000000
sid-76,Partial-s76-r(2):b265,0,1,#2E8B57
sid-86,Partial-s76-r(2):b265,0,1,#BFBFBF
Partial-s76-r(3):b266,sid-76,1,4,#000000
sid-76,Partial-s76-r(3):b266,0,1,#2E8B57
sid-86,Partial-s76-r(3):b266,0,1,#BFBFBF
sid-87,Partial-s76-r(3):b266,0,1,#BFBFBF
Partial-s76-r(2):b267,sid-76,1,4,#000000
sid-76,Partial-s76-r(2):b267,0,1,#2E8B57
sid-87,Partial-s76-r(2):b267,0,1,#BFBFBF
Partial-s77-r(6):b268,sid-77,1,1,#000000
sid-1,Partial-s77-r(6):b268,0,1,#191970
sid-2,Partial-s77-r(6):b268,0,1,#FFFF54
sid-77,Partial-s77-r(6):b268,0,1,#BFBFBF
sid-90,Partial-s77-r(6):b268,0,1,#0000CD
sid-91,Partial-s77-r(6):b268,0,1,#FF00FF
sid-94,Partial-s77-r(6):b268,0,1,#7FFF00
Partial-s77-r(6):b269,sid-77,1,1,#000000
sid-2,Partial-s77-r(6):b269,0,1,#FFFF54
sid-3,Partial-s77-r(6):b269,0,1,#FF0000
sid-77,Partial-s77-r(6):b269,0,1,#BFBFBF
sid-90,Partial-s77-r(6):b269,0,1,#0000CD
sid-91,Partial-s77-r(6):b269,0,1,#FF00FF
sid-94,Partial-s77-r(6):b269,0,1,#7FFF00
Partial-s77-r(6):b270,sid-77,1,1,#000000
sid-2,Partial-s77-r(6):b270,0,1,#FFFF54
sid-77,Partial-s77-r(6):b270,0,1,#BFBFBF
sid-90,Partial-s77-r(6):b270,0,1,#0000CD
sid-91,Partial-s77-r(6):b270,0,1,#FF00FF
sid-94,Partial-s77-r(6):b270,0,1,#7FFF00
Partial-s78-r(5):b271,sid-78,1,2,#000000
sid-1,Partial-s78-r(5):b271,0,1,#191970
sid-37,Partial-s78-r(5):b271,0,1,#00BFFF
sid-69,Partial-s78-r(5):b271,0,1,#BFBFBF
sid-78,Partial-s78-r(5):b271,0,1,#BFBFBF
sid-94,Partial-s78-r(5):b271,0,1,#7FFF00
Partial-s80-r(8):b272,sid-80,1,1,#000000
sid-1,Partial-s80-r(8):b272,0,1,#191970
sid-2,Partial-s80-r(8):b272,0,1,#FFFF54
sid-37,Partial-s80-r(8):b272,0,1,#00BFFF
sid-80,Partial-s80-r(8):b272,0,1,#808000
sid-90,Partial-s80-r(8):b272,0,1,#0000CD
sid-91,Partial-s80-r(8):b272,0,1,#FF00FF
sid-93,Partial-s80-r(8):b272,0,1,#BFBFBF
sid-94,Partial-s80-r(8):b272,0,1,#7FFF00
Partial-s80-r(9):b273,sid-80,1,1,#000000
sid-3,Partial-s80-r(9):b273,0,1,#FF0000
sid-5,Partial-s80-r(9):b273,0,1,#BFBFBF
sid-45,Partial-s80-r(9):b273,0,1,#BFBFBF
sid-72,Partial-s80-r(9):b273,0,1,#4169E1
sid-80,Partial-s80-r(9):b273,0,1,#808000
sid-87,Partial-s80-r(9):b273,0,1,#BFBFBF
sid-90,Partial-s80-r(9):b273,0,1,#0000CD
sid-92,Partial-s80-r(9):b273,0,1,#FF8C00
Partial-s80-r(8):b274,sid-80,1,2,#000000
sid-3,Partial-s80-r(8):b274,0,1,#FF0000
sid-68,Partial-s80-r(8):b274,0,1,#F08080
sid-80,Partial-s80-r(8):b274,0,1,#808000
sid-90,Partial-s80-r(8):b274,0,1,#0000CD
sid-91,Partial-s80-r(8):b274,0,1,#FF00FF
sid-92,Partial-s80-r(8):b274,0,1,#FF8C00
sid-94,Partial-s80-r(8):b274,0,1,#7FFF00
Partial-s80-r(7):b275,sid-80,1,1,#000000
sid-3,Partial-s80-r(7):b275,0,1,#FF0000
sid-68,Partial-s80-r(7):b275,0,1,#F08080
sid-80,Partial-s80-r(7):b275,0,1,#808000
sid-90,Partial-s80-r(7):b275,0,1,#0000CD
sid-91,Partial-s80-r(7):b275,0,1,#FF00FF
sid-92,Partial-s80-r(7):b275,0,1,#FF8C00
sid-94,Partial-s80-r(7):b275,0,1,#7FFF00
Partial-s80-r(4):b276,sid-80,1,3,#000000
sid-4,Partial-s80-r(4):b276,0,1,#BFBFBF
sid-72,Partial-s80-r(4):b276,0,1,#4169E1
sid-80,Partial-s80-r(4):b276,0,1,#808000
Partial-s80-r(3):b277,sid-80,1,6,#000000
sid-4,Partial-s80-r(3):b277,0,1,#BFBFBF
sid-72,Partial-s80-r(3):b277,0,1,#4169E1
sid-80,Partial-s80-r(3):b277,0,1,#808000
Partial-s80-r(2):b278,sid-80,1,1,#000000
sid-80,Partial-s80-r(2):b278,0,1,#808000
Partial-s80-r(7):b279,sid-80,1,1,#000000
sid-68,Partial-s80-r(7):b279,0,1,#F08080
sid-80,Partial-s80-r(7):b279,0,1,#808000
sid-90,Partial-s80-r(7):b279,0,1,#0000CD
sid-91,Partial-s80-r(7):b279,0,1,#FF00FF
sid-92,Partial-s80-r(7):b279,0,1,#FF8C00
sid-94,Partial-s80-r(7):b279,0,1,#7FFF00
Partial-s80-r(2):b280,sid-80,1,1,#000000
sid-72,Partial-s80-r(2):b280,0,1,#4169E1
sid-80,Partial-s80-r(2):b280,0,1,#808000
Pure-s80:b281,sid-80,1,3,#000000
sid-80,Pure-s80:b281,0,1,#808000
Partial-s81-r(10):b282,sid-81,1,1,#000000
sid-3,Partial-s81-r(10):b282,0,1,#FF0000
sid-26,Partial-s81-r(10):b282,0,1,#BFBFBF
sid-72,Partial-s81-r(10):b282,0,1,#4169E1
sid-81,Partial-s81-r(10):b282,0,1,#BFBFBF
sid-86,Partial-s81-r(10):b282,0,1,#BFBFBF
sid-91,Partial-s81-r(10):b282,0,1,#FF00FF
sid-94,Partial-s81-r(10):b282,0,1,#7FFF00
Partial-s81-r(7):b283,sid-81,1,1,#000000
sid-3,Partial-s81-r(7):b283,0,1,#FF0000
sid-36,Partial-s81-r(7):b283,0,1,#DDA0DD
sid-68,Partial-s81-r(7):b283,0,1,#F08080
sid-81,Partial-s81-r(7):b283,0,1,#BFBFBF
sid-90,Partial-s81-r(7):b283,0,1,#0000CD
sid-91,Partial-s81-r(7):b283,0,1,#FF00FF
sid-94,Partial-s81-r(7):b283,0,1,#7FFF00
Partial-s81-r(8):b284,sid-81,1,1,#000000
sid-3,Partial-s81-r(8):b284,0,1,#FF0000
sid-36,Partial-s81-r(8):b284,0,1,#DDA0DD
sid-72,Partial-s81-r(8):b284,0,1,#4169E1
sid-78,Partial-s81-r(8):b284,0,1,#BFBFBF
sid-81,Partial-s81-r(8):b284,0,1,#BFBFBF
sid-86,Partial-s81-r(8):b284,0,1,#BFBFBF
sid-91,Partial-s81-r(8):b284,0,1,#FF00FF
sid-94,Partial-s81-r(8):b284,0,1,#7FFF00
Partial-s81-r(6):b285,sid-81,1,1,#000000
sid-3,Partial-s81-r(6):b285,0,1,#FF0000
sid-36,Partial-s81-r(6):b285,0,1,#DDA0DD
sid-81,Partial-s81-r(6):b285,0,1,#BFBFBF
sid-90,Partial-s81-r(6):b285,0,1,#0000CD
sid-91,Partial-s81-r(6):b285,0,1,#FF00FF
sid-94,Partial-s81-r(6):b285,0,1,#7FFF00
Partial-s81-r(6):b286,sid-81,1,1,#000000
sid-3,Partial-s81-r(6):b286,0,1,#FF0000
sid-68,Partial-s81-r(6):b286,0,1,#F08080
sid-81,Partial-s81-r(6):b286,0,1,#BFBFBF
sid-90,Partial-s81-r(6):b286,0,1,#0000CD
sid-91,Partial-s81-r(6):b286,0,1,#FF00FF
sid-94,Partial-s81-r(6):b286,0,1,#7FFF00
Partial-s81-r(5):b287,sid-81,1,1,#000000
sid-3,Partial-s81-r(5):b287,0,1,#FF0000
sid-68,Partial-s81-r(5):b287,0,1,#F08080
sid-81,Partial-s81-r(5):b287,0,1,#BFBFBF
sid-90,Partial-s81-r(5):b287,0,1,#0000CD
sid-94,Partial-s81-r(5):b287,0,1,#7FFF00
Partial-s81-r(6):b288,sid-81,1,1,#000000
sid-3,Partial-s81-r(6):b288,0,1,#FF0000
sid-72,Partial-s81-r(6):b288,0,1,#4169E1
sid-81,Partial-s81-r(6):b288,0,1,#BFBFBF
sid-91,Partial-s81-r(6):b288,0,1,#FF00FF
sid-94,Partial-s81-r(6):b288,0,1,#7FFF00
Partial-s81-r(6):b289,sid-81,1,2,#000000
sid-3,Partial-s81-r(6):b289,0,1,#FF0000
sid-81,Partial-s81-r(6):b289,0,1,#BFBFBF
sid-90,Partial-s81-r(6):b289,0,1,#0000CD
sid-91,Partial-s81-r(6):b289,0,1,#FF00FF
sid-94,Partial-s81-r(6):b289,0,1,#7FFF00
Partial-s81-r(5):b290,sid-81,1,2,#000000
sid-3,Partial-s81-r(5):b290,0,1,#FF0000
sid-81,Partial-s81-r(5):b290,0,1,#BFBFBF
sid-90,Partial-s81-r(5):b290,0,1,#0000CD
sid-91,Partial-s81-r(5):b290,0,1,#FF00FF
sid-94,Partial-s81-r(5):b290,0,1,#7FFF00
Partial-s81-r(3):b291,sid-81,1,1,#000000
sid-3,Partial-s81-r(3):b291,0,1,#FF0000
sid-81,Partial-s81-r(3):b291,0,1,#BFBFBF
sid-94,Partial-s81-r(3):b291,0,1,#7FFF00
Partial-s81-r(11):b292,sid-81,1,1,#000000
sid-26,Partial-s81-r(11):b292,0,1,#BFBFBF
sid-36,Partial-s81-r(11):b292,0,1,#DDA0DD
sid-69,Partial-s81-r(11):b292,0,1,#BFBFBF
sid-72,Partial-s81-r(11):b292,0,1,#4169E1
sid-81,Partial-s81-r(11):b292,0,1,#BFBFBF
sid-86,Partial-s81-r(11):b292,0,1,#BFBFBF
sid-91,Partial-s81-r(11):b292,0,1,#FF00FF
sid-94,Partial-s81-r(11):b292,0,1,#7FFF00
Partial-s81-r(3):b293,sid-81,1,2,#000000
sid-81,Partial-s81-r(3):b293,0,1,#BFBFBF
sid-90,Partial-s81-r(3):b293,0,1,#0000CD
sid-94,Partial-s81-r(3):b293,0,1,#7FFF00
Partial-s82-r(12):b294,sid-82,1,2,#000000
sid-3,Partial-s82-r(12):b294,0,1,#FF0000
sid-45,Partial-s82-r(12):b294,0,1,#BFBFBF
sid-66,Partial-s82-r(12):b294,0,1,#BFBFBF
sid-72,Partial-s82-r(12):b294,0,1,#4169E1
sid-76,Partial-s82-r(12):b294,0,1,#2E8B57
sid-80,Partial-s82-r(12):b294,0,1,#808000
sid-82,Partial-s82-r(12):b294,0,1,#BFBFBF
sid-90,Partial-s82-r(12):b294,0,1,#0000CD
sid-91,Partial-s82-r(12):b294,0,1,#FF00FF
sid-92,Partial-s82-r(12):b294,0,1,#FF8C00
sid-94,Partial-s82-r(12):b294,0,1,#7FFF00
Partial-s82-r(12):b295,sid-82,1,1,#000000
sid-3,Partial-s82-r(12):b295,0,1,#FF0000
sid-36,Partial-s82-r(12):b295,0,1,#DDA0DD
sid-45,Partial-s82-r(12):b295,0,1,#BFBFBF
sid-66,Partial-s82-r(12):b295,0,1,#BFBFBF
sid-72,Partial-s82-r(12):b295,0,1,#4169E1
sid-76,Partial-s82-r(12):b295,0,1,#2E8B57
sid-80,Partial-s82-r(12):b295,0,1,#808000
sid-82,Partial-s82-r(12):b295,0,1,#BFBFBF
sid-90,Partial-s82-r(12):b295,0,1,#0000CD
sid-91,Partial-s82-r(12):b295,0,1,#FF00FF
sid-92,Partial-s82-r(12):b295,0,1,#FF8C00
sid-94,Partial-s82-r(12):b295,0,1,#7FFF00
Partial-s84-r(2):b296,sid-84,1,3,#000000
sid-2,Partial-s84-r(2):b296,0,1,#FFFF54
sid-84,Partial-s84-r(2):b296,0,1,#BFBFBF
Partial-s84-r(6):b297,sid-84,1,2,#000000
sid-3,Partial-s84-r(6):b297,0,1,#FF0000
sid-36,Partial-s84-r(6):b297,0,1,#DDA0DD
sid-68,Partial-s84-r(6):b297,0,1,#F08080
sid-84,Partial-s84-r(6):b297,0,1,#BFBFBF
sid-90,Partial-s84-r(6):b297,0,1,#0000CD
sid-91,Partial-s84-r(6):b297,0,1,#FF00FF
Partial-s84-r(7):b298,sid-84,1,1,#000000
sid-3,Partial-s84-r(7):b298,0,1,#FF0000
sid-68,Partial-s84-r(7):b298,0,1,#F08080
sid-72,Partial-s84-r(7):b298,0,1,#4169E1
sid-84,Partial-s84-r(7):b298,0,1,#BFBFBF
sid-90,Partial-s84-r(7):b298,0,1,#0000CD
sid-91,Partial-s84-r(7):b298,0,1,#FF00FF
Partial-s85-r(6):b299,sid-85,1,1,#000000
sid-37,Partial-s85-r(6):b299,0,1,#00BFFF
sid-55,Partial-s85-r(6):b299,0,1,#BFBFBF
sid-72,Partial-s85-r(6):b299,0,1,#4169E1
sid-85,Partial-s85-r(6):b299,0,1,#BFBFBF
sid-89,Partial-s85-r(6):b299,0,1,#BFBFBF
sid-93,Partial-s85-r(6):b299,0,1,#BFBFBF
Partial-s85-r(5):b300,sid-85,1,1,#000000
sid-55,Partial-s85-r(5):b300,0,1,#BFBFBF
sid-72,Partial-s85-r(5):b300,0,1,#4169E1
sid-85,Partial-s85-r(5):b300,0,1,#BFBFBF
sid-89,Partial-s85-r(5):b300,0,1,#BFBFBF
sid-93,Partial-s85-r(5):b300,0,1,#BFBFBF
Partial-s86-r(4):b301,sid-86,1,1,#000000
sid-45,Partial-s86-r(4):b301,0,1,#BFBFBF
sid-72,Partial-s86-r(4):b301,0,1,#4169E1
sid-86,Partial-s86-r(4):b301,0,1,#BFBFBF
sid-87,Partial-s86-r(4):b301,0,1,#BFBFBF
Partial-s87-r(5):b302,sid-87,1,1,#000000
sid-36,Partial-s87-r(5):b302,0,1,#DDA0DD
sid-45,Partial-s87-r(5):b302,0,1,#BFBFBF
sid-70,Partial-s87-r(5):b302,0,1,#00FA9A
sid-87,Partial-s87-r(5):b302,0,1,#BFBFBF
sid-94,Partial-s87-r(5):b302,0,1,#7FFF00
Partial-s87-r(4):b303,sid-87,1,1,#000000
sid-37,Partial-s87-r(4):b303,0,1,#00BFFF
sid-45,Partial-s87-r(4):b303,0,1,#BFBFBF
sid-87,Partial-s87-r(4):b303,0,1,#BFBFBF
sid-94,Partial-s87-r(4):b303,0,1,#7FFF00
Partial-s87-r(2):b304,sid-87,1,1,#000000
sid-37,Partial-s87-r(2):b304,0,1,#00BFFF
sid-87,Partial-s87-r(2):b304,0,1,#BFBFBF
Partial-s88-r(8):b305,sid-88,1,1,#000000
sid-26,Partial-s88-r(8):b305,0,1,#BFBFBF
sid-58,Partial-s88-r(8):b305,0,1,#BFBFBF
sid-69,Partial-s88-r(8):b305,0,1,#BFBFBF
sid-72,Partial-s88-r(8):b305,0,1,#4169E1
sid-88,Partial-s88-r(8):b305,0,1,#BFBFBF
sid-91,Partial-s88-r(8):b305,0,1,#FF00FF
Partial-s89-r(6):b306,sid-89,1,1,#000000
sid-24,Partial-s89-r(6):b306,0,1,#BFBFBF
sid-55,Partial-s89-r(6):b306,0,1,#BFBFBF
sid-85,Partial-s89-r(6):b306,0,1,#BFBFBF
sid-89,Partial-s89-r(6):b306,0,1,#BFBFBF
sid-93,Partial-s89-r(6):b306,0,1,#BFBFBF
sid-94,Partial-s89-r(6):b306,0,1,#7FFF00
Partial-s90-r(7):b307,sid-90,1,1,#000000
sid-1,Partial-s90-r(7):b307,0,1,#191970
sid-3,Partial-s90-r(7):b307,0,1,#FF0000
sid-69,Partial-s90-r(7):b307,0,1,#BFBFBF
sid-72,Partial-s90-r(7):b307,0,1,#4169E1
sid-90,Partial-s90-r(7):b307,0,1,#0000CD
sid-94,Partial-s90-r(7):b307,0,1,#7FFF00
Partial-s90-r(2):b308,sid-90,1,3,#000000
sid-1,Partial-s90-r(2):b308,0,1,#191970
sid-90,Partial-s90-r(2):b308,0,1,#0000CD
Partial-s90-r(5):b309,sid-90,1,1,#000000
sid-2,Partial-s90-r(5):b309,0,1,#FFFF54
sid-3,Partial-s90-r(5):b309,0,1,#FF0000
sid-36,Partial-s90-r(5):b309,0,1,#DDA0DD
sid-90,Partial-s90-r(5):b309,0,1,#0000CD
sid-94,Partial-s90-r(5):b309,0,1,#7FFF00
Partial-s90-r(3):b310,sid-90,1,2,#000000
sid-2,Partial-s90-r(3):b310,0,1,#FFFF54
sid-3,Partial-s90-r(3):b310,0,1,#FF0000
sid-90,Partial-s90-r(3):b310,0,1,#0000CD
Partial-s90-r(12):b311,sid-90,1,1,#000000
sid-3,Partial-s90-r(12):b311,0,1,#FF0000
sid-70,Partial-s90-r(12):b311,0,1,#00FA9A
sid-77,Partial-s90-r(12):b311,0,1,#BFBFBF
sid-80,Partial-s90-r(12):b311,0,1,#808000
sid-87,Partial-s90-r(12):b311,0,1,#BFBFBF
sid-90,Partial-s90-r(12):b311,0,1,#0000CD
sid-91,Partial-s90-r(12):b311,0,1,#FF00FF
sid-94,Partial-s90-r(12):b311,0,1,#7FFF00
Partial-s90-r(9):b312,sid-90,1,2,#000000
sid-3,Partial-s90-r(9):b312,0,1,#FF0000
sid-77,Partial-s90-r(9):b312,0,1,#BFBFBF
sid-80,Partial-s90-r(9):b312,0,1,#808000
sid-90,Partial-s90-r(9):b312,0,1,#0000CD
sid-91,Partial-s90-r(9):b312,0,1,#FF00FF
sid-94,Partial-s90-r(9):b312,0,1,#7FFF00
Partial-s90-r(5):b313,sid-90,1,1,#000000
sid-3,Partial-s90-r(5):b313,0,1,#FF0000
sid-36,Partial-s90-r(5):b313,0,1,#DDA0DD
sid-72,Partial-s90-r(5):b313,0,1,#4169E1
sid-90,Partial-s90-r(5):b313,0,1,#0000CD
sid-92,Partial-s90-r(5):b313,0,1,#FF8C00
Partial-s90-r(3):b314,sid-90,1,3,#000000
sid-3,Partial-s90-r(3):b314,0,1,#FF0000
sid-36,Partial-s90-r(3):b314,0,1,#DDA0DD
sid-90,Partial-s90-r(3):b314,0,1,#0000CD
Partial-s90-r(4):b315,sid-90,1,1,#000000
sid-3,Partial-s90-r(4):b315,0,1,#FF0000
sid-36,Partial-s90-r(4):b315,0,1,#DDA0DD
sid-90,Partial-s90-r(4):b315,0,1,#0000CD
sid-94,Partial-s90-r(4):b315,0,1,#7FFF00
Partial-s90-r(4):b316,sid-90,1,1,#000000
sid-3,Partial-s90-r(4):b316,0,1,#FF0000
sid-37,Partial-s90-r(4):b316,0,1,#00BFFF
sid-72,Partial-s90-r(4):b316,0,1,#4169E1
sid-90,Partial-s90-r(4):b316,0,1,#0000CD
Partial-s90-r(3):b317,sid-90,1,1,#000000
sid-3,Partial-s90-r(3):b317,0,1,#FF0000
sid-90,Partial-s90-r(3):b317,0,1,#0000CD
sid-94,Partial-s90-r(3):b317,0,1,#7FFF00
Partial-s90-r(8):b318,sid-90,1,1,#000000
sid-70,Partial-s90-r(8):b318,0,1,#00FA9A
sid-77,Partial-s90-r(8):b318,0,1,#BFBFBF
sid-87,Partial-s90-r(8):b318,0,1,#BFBFBF
sid-90,Partial-s90-r(8):b318,0,1,#0000CD
sid-91,Partial-s90-r(8):b318,0,1,#FF00FF
sid-94,Partial-s90-r(8):b318,0,1,#7FFF00
Partial-s90-r(2):b319,sid-90,1,1,#000000
sid-90,Partial-s90-r(2):b319,0,1,#0000CD
Partial-s90-r(5):b320,sid-90,1,1,#000000
sid-90,Partial-s90-r(5):b320,0,1,#0000CD
sid-91,Partial-s90-r(5):b320,0,1,#FF00FF
sid-94,Partial-s90-r(5):b320,0,1,#7FFF00
Partial-s90-r(3):b321,sid-90,1,1,#000000
sid-36,Partial-s90-r(3):b321,0,1,#DDA0DD
sid-72,Partial-s90-r(3):b321,0,1,#4169E1
sid-90,Partial-s90-r(3):b321,0,1,#0000CD
Partial-s90-r(2):b322,sid-90,1,4,#000000
sid-36,Partial-s90-r(2):b322,0,1,#DDA0DD
sid-90,Partial-s90-r(2):b322,0,1,#0000CD
Partial-s90-r(3):b323,sid-90,1,1,#000000
sid-36,Partial-s90-r(3):b323,0,1,#DDA0DD
sid-90,Partial-s90-r(3):b323,0,1,#0000CD
sid-92,Partial-s90-r(3):b323,0,1,#FF8C00
Partial-s90-r(3):b324,sid-90,1,7,#000000
sid-36,Partial-s90-r(3):b324,0,1,#DDA0DD
sid-90,Partial-s90-r(3):b324,0,1,#0000CD
sid-94,Partial-s90-r(3):b324,0,1,#7FFF00
Partial-s90-r(2):b325,sid-90,1,1,#000000
sid-45,Partial-s90-r(2):b325,0,1,#BFBFBF
sid-90,Partial-s90-r(2):b325,0,1,#0000CD
Partial-s90-r(6):b326,sid-90,1,1,#000000
sid-58,Partial-s90-r(6):b326,0,1,#BFBFBF
sid-70,Partial-s90-r(6):b326,0,1,#00FA9A
sid-77,Partial-s90-r(6):b326,0,1,#BFBFBF
sid-87,Partial-s90-r(6):b326,0,1,#BFBFBF
sid-90,Partial-s90-r(6):b326,0,1,#0000CD
sid-91,Partial-s90-r(6):b326,0,1,#FF00FF
Partial-s90-r(9):b327,sid-90,1,1,#000000
sid-58,Partial-s90-r(9):b327,0,1,#BFBFBF
sid-70,Partial-s90-r(9):b327,0,1,#00FA9A
sid-77,Partial-s90-r(9):b327,0,1,#BFBFBF
sid-87,Partial-s90-r(9):b327,0,1,#BFBFBF
sid-90,Partial-s90-r(9):b327,0,1,#0000CD
sid-91,Partial-s90-r(9):b327,0,1,#FF00FF
sid-94,Partial-s90-r(9):b327,0,1,#7FFF00
Partial-s90-r(8):b328,sid-90,1,1,#000000
sid-58,Partial-s90-r(8):b328,0,1,#BFBFBF
sid-70,Partial-s90-r(8):b328,0,1,#00FA9A
sid-77,Partial-s90-r(8):b328,0,1,#BFBFBF
sid-87,Partial-s90-r(8):b328,0,1,#BFBFBF
sid-90,Partial-s90-r(8):b328,0,1,#0000CD
sid-91,Partial-s90-r(8):b328,0,1,#FF00FF
sid-94,Partial-s90-r(8):b328,0,1,#7FFF00
Partial-s90-r(9):b329,sid-90,1,1,#000000
sid-58,Partial-s90-r(9):b329,0,1,#BFBFBF
sid-77,Partial-s90-r(9):b329,0,1,#BFBFBF
sid-87,Partial-s90-r(9):b329,0,1,#BFBFBF
sid-90,Partial-s90-r(9):b329,0,1,#0000CD
sid-91,Partial-s90-r(9):b329,0,1,#FF00FF
sid-94,Partial-s90-r(9):b329,0,1,#7FFF00
Partial-s90-r(2):b330,sid-90,1,1,#000000
sid-72,Partial-s90-r(2):b330,0,1,#4169E1
sid-90,Partial-s90-r(2):b330,0,1,#0000CD
Pure-s90:b331,sid-90,1,37,#000000
sid-90,Pure-s90:b331,0,1,#0000CD
Partial-s90-r(2):b332,sid-90,1,3,#000000
sid-90,Partial-s90-r(2):b332,0,1,#0000CD
sid-91,Partial-s90-r(2):b332,0,1,#FF00FF
Partial-s90-r(4):b333,sid-90,1,13,#000000
sid-90,Partial-s90-r(4):b333,0,1,#0000CD
sid-91,Partial-s90-r(4):b333,0,1,#FF00FF
sid-94,Partial-s90-r(4):b333,0,1,#7FFF00
Partial-s90-r(3):b334,sid-90,1,5,#000000
sid-90,Partial-s90-r(3):b334,0,1,#0000CD
sid-91,Partial-s90-r(3):b334,0,1,#FF00FF
sid-94,Partial-s90-r(3):b334,0,1,#7FFF00
Partial-s90-r(2):b335,sid-90,1,5,#000000
sid-90,Partial-s90-r(2):b335,0,1,#0000CD
sid-94,Partial-s90-r(2):b335,0,1,#7FFF00
Partial-s91-r(13):b336,sid-91,1,1,#000000
sid-1,Partial-s91-r(13):b336,0,1,#191970
sid-2,Partial-s91-r(13):b336,0,1,#FFFF54
sid-3,Partial-s91-r(13):b336,0,1,#FF0000
sid-6,Partial-s91-r(13):b336,0,1,#BFBFBF
sid-58,Partial-s91-r(13):b336,0,1,#BFBFBF
sid-70,Partial-s91-r(13):b336,0,1,#00FA9A
sid-72,Partial-s91-r(13):b336,0,1,#4169E1
sid-77,Partial-s91-r(13):b336,0,1,#BFBFBF
sid-90,Partial-s91-r(13):b336,0,1,#0000CD
sid-91,Partial-s91-r(13):b336,0,1,#FF00FF
sid-94,Partial-s91-r(13):b336,0,1,#7FFF00
Partial-s91-r(12):b337,sid-91,1,1,#000000
sid-1,Partial-s91-r(12):b337,0,1,#191970
sid-2,Partial-s91-r(12):b337,0,1,#FFFF54
sid-3,Partial-s91-r(12):b337,0,1,#FF0000
sid-6,Partial-s91-r(12):b337,0,1,#BFBFBF
sid-58,Partial-s91-r(12):b337,0,1,#BFBFBF
sid-72,Partial-s91-r(12):b337,0,1,#4169E1
sid-77,Partial-s91-r(12):b337,0,1,#BFBFBF
sid-90,Partial-s91-r(12):b337,0,1,#0000CD
sid-91,Partial-s91-r(12):b337,0,1,#FF00FF
sid-94,Partial-s91-r(12):b337,0,1,#7FFF00
Partial-s91-r(18):b338,sid-91,1,1,#000000
sid-1,Partial-s91-r(18):b338,0,1,#191970
sid-2,Partial-s91-r(18):b338,0,1,#FFFF54
sid-3,Partial-s91-r(18):b338,0,1,#FF0000
sid-37,Partial-s91-r(18):b338,0,1,#00BFFF
sid-70,Partial-s91-r(18):b338,0,1,#00FA9A
sid-72,Partial-s91-r(18):b338,0,1,#4169E1
sid-77,Partial-s91-r(18):b338,0,1,#BFBFBF
sid-78,Partial-s91-r(18):b338,0,1,#BFBFBF
sid-90,Partial-s91-r(18):b338,0,1,#0000CD
sid-91,Partial-s91-r(18):b338,0,1,#FF00FF
sid-93,Partial-s91-r(18):b338,0,1,#BFBFBF
sid-94,Partial-s91-r(18):b338,0,1,#7FFF00
Partial-s91-r(8):b339,sid-91,1,1,#000000
sid-1,Partial-s91-r(8):b339,0,1,#191970
sid-2,Partial-s91-r(8):b339,0,1,#FFFF54
sid-3,Partial-s91-r(8):b339,0,1,#FF0000
sid-6,Partial-s91-r(8):b339,0,1,#BFBFBF
sid-7,Partial-s91-r(8):b339,0,1,#BFBFBF
sid-78,Partial-s91-r(8):b339,0,1,#BFBFBF
sid-91,Partial-s91-r(8):b339,0,1,#FF00FF
sid-94,Partial-s91-r(8):b339,0,1,#7FFF00
Partial-s91-r(9):b340,sid-91,1,1,#000000
sid-1,Partial-s91-r(9):b340,0,1,#191970
sid-2,Partial-s91-r(9):b340,0,1,#FFFF54
sid-3,Partial-s91-r(9):b340,0,1,#FF0000
sid-6,Partial-s91-r(9):b340,0,1,#BFBFBF
sid-37,Partial-s91-r(9):b340,0,1,#00BFFF
sid-91,Partial-s91-r(9):b340,0,1,#FF00FF
sid-94,Partial-s91-r(9):b340,0,1,#7FFF00
Partial-s91-r(8):b341,sid-91,1,1,#000000
sid-1,Partial-s91-r(8):b341,0,1,#191970
sid-2,Partial-s91-r(8):b341,0,1,#FFFF54
sid-3,Partial-s91-r(8):b341,0,1,#FF0000
sid-6,Partial-s91-r(8):b341,0,1,#BFBFBF
sid-37,Partial-s91-r(8):b341,0,1,#00BFFF
sid-78,Partial-s91-r(8):b341,0,1,#BFBFBF
sid-91,Partial-s91-r(8):b341,0,1,#FF00FF
sid-94,Partial-s91-r(8):b341,0,1,#7FFF00
Partial-s91-r(8):b342,sid-91,1,2,#000000
sid-1,Partial-s91-r(8):b342,0,1,#191970
sid-2,Partial-s91-r(8):b342,0,1,#FFFF54
sid-3,Partial-s91-r(8):b342,0,1,#FF0000
sid-37,Partial-s91-r(8):b342,0,1,#00BFFF
sid-91,Partial-s91-r(8):b342,0,1,#FF00FF
sid-94,Partial-s91-r(8):b342,0,1,#7FFF00
Partial-s91-r(9):b343,sid-91,1,1,#000000
sid-1,Partial-s91-r(9):b343,0,1,#191970
sid-2,Partial-s91-r(9):b343,0,1,#FFFF54
sid-3,Partial-s91-r(9):b343,0,1,#FF0000
sid-37,Partial-s91-r(9):b343,0,1,#00BFFF
sid-90,Partial-s91-r(9):b343,0,1,#0000CD
sid-91,Partial-s91-r(9):b343,0,1,#FF00FF
sid-94,Partial-s91-r(9):b343,0,1,#7FFF00
Partial-s91-r(7):b344,sid-91,1,1,#000000
sid-1,Partial-s91-r(7):b344,0,1,#191970
sid-2,Partial-s91-r(7):b344,0,1,#FFFF54
sid-3,Partial-s91-r(7):b344,0,1,#FF0000
sid-37,Partial-s91-r(7):b344,0,1,#00BFFF
sid-91,Partial-s91-r(7):b344,0,1,#FF00FF
sid-94,Partial-s91-r(7):b344,0,1,#7FFF00
Partial-s91-r(6):b345,sid-91,1,5,#000000
sid-1,Partial-s91-r(6):b345,0,1,#191970
sid-2,Partial-s91-r(6):b345,0,1,#FFFF54
sid-3,Partial-s91-r(6):b345,0,1,#FF0000
sid-90,Partial-s91-r(6):b345,0,1,#0000CD
sid-91,Partial-s91-r(6):b345,0,1,#FF00FF
sid-94,Partial-s91-r(6):b345,0,1,#7FFF00
Partial-s91-r(5):b346,sid-91,1,2,#000000
sid-1,Partial-s91-r(5):b346,0,1,#191970
sid-2,Partial-s91-r(5):b346,0,1,#FFFF54
sid-3,Partial-s91-r(5):b346,0,1,#FF0000
sid-91,Partial-s91-r(5):b346,0,1,#FF00FF
Partial-s91-r(6):b347,sid-91,1,2,#000000
sid-1,Partial-s91-r(6):b347,0,1,#191970
sid-2,Partial-s91-r(6):b347,0,1,#FFFF54
sid-3,Partial-s91-r(6):b347,0,1,#FF0000
sid-91,Partial-s91-r(6):b347,0,1,#FF00FF
sid-94,Partial-s91-r(6):b347,0,1,#7FFF00
Partial-s91-r(8):b348,sid-91,1,1,#000000
sid-1,Partial-s91-r(8):b348,0,1,#191970
sid-2,Partial-s91-r(8):b348,0,1,#FFFF54
sid-6,Partial-s91-r(8):b348,0,1,#BFBFBF
sid-37,Partial-s91-r(8):b348,0,1,#00BFFF
sid-91,Partial-s91-r(8):b348,0,1,#FF00FF
sid-94,Partial-s91-r(8):b348,0,1,#7FFF00
Partial-s91-r(7):b349,sid-91,1,1,#000000
sid-1,Partial-s91-r(7):b349,0,1,#191970
sid-2,Partial-s91-r(7):b349,0,1,#FFFF54
sid-6,Partial-s91-r(7):b349,0,1,#BFBFBF
sid-78,Partial-s91-r(7):b349,0,1,#BFBFBF
sid-90,Partial-s91-r(7):b349,0,1,#0000CD
sid-91,Partial-s91-r(7):b349,0,1,#FF00FF
sid-94,Partial-s91-r(7):b349,0,1,#7FFF00
Partial-s91-r(6):b350,sid-91,1,2,#000000
sid-1,Partial-s91-r(6):b350,0,1,#191970
sid-2,Partial-s91-r(6):b350,0,1,#FFFF54
sid-6,Partial-s91-r(6):b350,0,1,#BFBFBF
sid-91,Partial-s91-r(6):b350,0,1,#FF00FF
Partial-s91-r(6):b351,sid-91,1,4,#000000
sid-1,Partial-s91-r(6):b351,0,1,#191970
sid-2,Partial-s91-r(6):b351,0,1,#FFFF54
sid-69,Partial-s91-r(6):b351,0,1,#BFBFBF
sid-87,Partial-s91-r(6):b351,0,1,#BFBFBF
sid-91,Partial-s91-r(6):b351,0,1,#FF00FF
Partial-s91-r(9):b352,sid-91,1,1,#000000
sid-1,Partial-s91-r(9):b352,0,1,#191970
sid-2,Partial-s91-r(9):b352,0,1,#FFFF54
sid-37,Partial-s91-r(9):b352,0,1,#00BFFF
sid-58,Partial-s91-r(9):b352,0,1,#BFBFBF
sid-70,Partial-s91-r(9):b352,0,1,#00FA9A
sid-72,Partial-s91-r(9):b352,0,1,#4169E1
sid-90,Partial-s91-r(9):b352,0,1,#0000CD
sid-91,Partial-s91-r(9):b352,0,1,#FF00FF
sid-94,Partial-s91-r(9):b352,0,1,#7FFF00
Partial-s91-r(9):b353,sid-91,1,1,#000000
sid-1,Partial-s91-r(9):b353,0,1,#191970
sid-2,Partial-s91-r(9):b353,0,1,#FFFF54
sid-37,Partial-s91-r(9):b353,0,1,#00BFFF
sid-72,Partial-s91-r(9):b353,0,1,#4169E1
sid-90,Partial-s91-r(9):b353,0,1,#0000CD
sid-91,Partial-s91-r(9):b353,0,1,#FF00FF
sid-94,Partial-s91-r(9):b353,0,1,#7FFF00
Partial-s91-r(8):b354,sid-91,1,3,#000000
sid-1,Partial-s91-r(8):b354,0,1,#191970
sid-2,Partial-s91-r(8):b354,0,1,#FFFF54
sid-37,Partial-s91-r(8):b354,0,1,#00BFFF
sid-72,Partial-s91-r(8):b354,0,1,#4169E1
sid-90,Partial-s91-r(8):b354,0,1,#0000CD
sid-91,Partial-s91-r(8):b354,0,1,#FF00FF
sid-94,Partial-s91-r(8):b354,0,1,#7FFF00
Partial-s91-r(5):b355,sid-91,1,1,#000000
sid-1,Partial-s91-r(5):b355,0,1,#191970
sid-2,Partial-s91-r(5):b355,0,1,#FFFF54
sid-37,Partial-s91-r(5):b355,0,1,#00BFFF
sid-78,Partial-s91-r(5):b355,0,1,#BFBFBF
sid-91,Partial-s91-r(5):b355,0,1,#FF00FF
Partial-s91-r(5):b356,sid-91,1,4,#000000
sid-1,Partial-s91-r(5):b356,0,1,#191970
sid-2,Partial-s91-r(5):b356,0,1,#FFFF54
sid-37,Partial-s91-r(5):b356,0,1,#00BFFF
sid-90,Partial-s91-r(5):b356,0,1,#0000CD
sid-91,Partial-s91-r(5):b356,0,1,#FF00FF
Partial-s91-r(6):b357,sid-91,1,1,#000000
sid-1,Partial-s91-r(6):b357,0,1,#191970
sid-2,Partial-s91-r(6):b357,0,1,#FFFF54
sid-37,Partial-s91-r(6):b357,0,1,#00BFFF
sid-90,Partial-s91-r(6):b357,0,1,#0000CD
sid-91,Partial-s91-r(6):b357,0,1,#FF00FF
sid-94,Partial-s91-r(6):b357,0,1,#7FFF00
Partial-s91-r(4):b358,sid-91,1,1,#000000
sid-1,Partial-s91-r(4):b358,0,1,#191970
sid-2,Partial-s91-r(4):b358,0,1,#FFFF54
sid-37,Partial-s91-r(4):b358,0,1,#00BFFF
sid-91,Partial-s91-r(4):b358,0,1,#FF00FF
Partial-s91-r(5):b359,sid-91,1,1,#000000
sid-1,Partial-s91-r(5):b359,0,1,#191970
sid-2,Partial-s91-r(5):b359,0,1,#FFFF54
sid-37,Partial-s91-r(5):b359,0,1,#00BFFF
sid-91,Partial-s91-r(5):b359,0,1,#FF00FF
sid-94,Partial-s91-r(5):b359,0,1,#7FFF00
Partial-s91-r(5):b360,sid-91,1,2,#000000
sid-1,Partial-s91-r(5):b360,0,1,#191970
sid-2,Partial-s91-r(5):b360,0,1,#FFFF54
sid-69,Partial-s91-r(5):b360,0,1,#BFBFBF
sid-87,Partial-s91-r(5):b360,0,1,#BFBFBF
sid-91,Partial-s91-r(5):b360,0,1,#FF00FF
Partial-s91-r(6):b361,sid-91,1,1,#000000
sid-1,Partial-s91-r(6):b361,0,1,#191970
sid-2,Partial-s91-r(6):b361,0,1,#FFFF54
sid-72,Partial-s91-r(6):b361,0,1,#4169E1
sid-91,Partial-s91-r(6):b361,0,1,#FF00FF
sid-94,Partial-s91-r(6):b361,0,1,#7FFF00
Partial-s91-r(6):b362,sid-91,1,1,#000000
sid-1,Partial-s91-r(6):b362,0,1,#191970
sid-2,Partial-s91-r(6):b362,0,1,#FFFF54
sid-78,Partial-s91-r(6):b362,0,1,#BFBFBF
sid-90,Partial-s91-r(6):b362,0,1,#0000CD
sid-91,Partial-s91-r(6):b362,0,1,#FF00FF
sid-94,Partial-s91-r(6):b362,0,1,#7FFF00
Partial-s91-r(3):b363,sid-91,1,1,#000000
sid-1,Partial-s91-r(3):b363,0,1,#191970
sid-2,Partial-s91-r(3):b363,0,1,#FFFF54
sid-91,Partial-s91-r(3):b363,0,1,#FF00FF
Partial-s91-r(4):b364,sid-91,1,1,#000000
sid-1,Partial-s91-r(4):b364,0,1,#191970
sid-2,Partial-s91-r(4):b364,0,1,#FFFF54
sid-91,Partial-s91-r(4):b364,0,1,#FF00FF
Partial-s91-r(5):b365,sid-91,1,1,#000000
sid-1,Partial-s91-r(5):b365,0,1,#191970
sid-2,Partial-s91-r(5):b365,0,1,#FFFF54
sid-91,Partial-s91-r(5):b365,0,1,#FF00FF
Partial-s91-r(4):b366,sid-91,1,4,#000000
sid-1,Partial-s91-r(4):b366,0,1,#191970
sid-2,Partial-s91-r(4):b366,0,1,#FFFF54
sid-91,Partial-s91-r(4):b366,0,1,#FF00FF
sid-94,Partial-s91-r(4):b366,0,1,#7FFF00
Partial-s91-r(6):b367,sid-91,1,1,#000000
sid-1,Partial-s91-r(6):b367,0,1,#191970
sid-3,Partial-s91-r(6):b367,0,1,#FF0000
sid-37,Partial-s91-r(6):b367,0,1,#00BFFF
sid-91,Partial-s91-r(6):b367,0,1,#FF00FF
sid-94,Partial-s91-r(6):b367,0,1,#7FFF00
Partial-s91-r(8):b368,sid-91,1,1,#000000
sid-1,Partial-s91-r(8):b368,0,1,#191970
sid-3,Partial-s91-r(8):b368,0,1,#FF0000
sid-37,Partial-s91-r(8):b368,0,1,#00BFFF
sid-69,Partial-s91-r(8):b368,0,1,#BFBFBF
sid-72,Partial-s91-r(8):b368,0,1,#4169E1
sid-90,Partial-s91-r(8):b368,0,1,#0000CD
sid-91,Partial-s91-r(8):b368,0,1,#FF00FF
sid-94,Partial-s91-r(8):b368,0,1,#7FFF00
Partial-s91-r(6):b369,sid-91,1,1,#000000
sid-1,Partial-s91-r(6):b369,0,1,#191970
sid-3,Partial-s91-r(6):b369,0,1,#FF0000
sid-37,Partial-s91-r(6):b369,0,1,#00BFFF
sid-69,Partial-s91-r(6):b369,0,1,#BFBFBF
sid-91,Partial-s91-r(6):b369,0,1,#FF00FF
sid-94,Partial-s91-r(6):b369,0,1,#7FFF00
Partial-s91-r(4):b370,sid-91,1,1,#000000
sid-1,Partial-s91-r(4):b370,0,1,#191970
sid-3,Partial-s91-r(4):b370,0,1,#FF0000
sid-37,Partial-s91-r(4):b370,0,1,#00BFFF
sid-91,Partial-s91-r(4):b370,0,1,#FF00FF
Partial-s91-r(5):b371,sid-91,1,7,#000000
sid-1,Partial-s91-r(5):b371,0,1,#191970
sid-3,Partial-s91-r(5):b371,0,1,#FF0000
sid-37,Partial-s91-r(5):b371,0,1,#00BFFF
sid-91,Partial-s91-r(5):b371,0,1,#FF00FF
sid-94,Partial-s91-r(5):b371,0,1,#7FFF00
Partial-s91-r(4):b372,sid-91,1,4,#000000
sid-1,Partial-s91-r(4):b372,0,1,#191970
sid-3,Partial-s91-r(4):b372,0,1,#FF0000
sid-69,Partial-s91-r(4):b372,0,1,#BFBFBF
sid-91,Partial-s91-r(4):b372,0,1,#FF00FF
Partial-s91-r(3):b373,sid-91,1,2,#000000
sid-1,Partial-s91-r(3):b373,0,1,#191970
sid-3,Partial-s91-r(3):b373,0,1,#FF0000
sid-91,Partial-s91-r(3):b373,0,1,#FF00FF
Partial-s91-r(4):b374,sid-91,1,13,#000000
sid-1,Partial-s91-r(4):b374,0,1,#191970
sid-3,Partial-s91-r(4):b374,0,1,#FF0000
sid-91,Partial-s91-r(4):b374,0,1,#FF00FF
sid-94,Partial-s91-r(4):b374,0,1,#7FFF00
Partial-s91-r(5):b375,sid-91,1,1,#000000
sid-1,Partial-s91-r(5):b375,0,1,#191970
sid-37,Partial-s91-r(5):b375,0,1,#00BFFF
sid-78,Partial-s91-r(5):b375,0,1,#BFBFBF
sid-91,Partial-s91-r(5):b375,0,1,#FF00FF
sid-94,Partial-s91-r(5):b375,0,1,#7FFF00
Partial-s91-r(3):b376,sid-91,1,1,#000000
sid-1,Partial-s91-r(3):b376,0,1,#191970
sid-69,Partial-s91-r(3):b376,0,1,#BFBFBF
sid-91,Partial-s91-r(3):b376,0,1,#FF00FF
Partial-s91-r(2):b377,sid-91,1,10,#000000
sid-1,Partial-s91-r(2):b377,0,1,#191970
sid-91,Partial-s91-r(2):b377,0,1,#FF00FF
Partial-s91-r(4):b378,sid-91,1,1,#000000
sid-1,Partial-s91-r(4):b378,0,1,#191970
sid-91,Partial-s91-r(4):b378,0,1,#FF00FF
sid-94,Partial-s91-r(4):b378,0,1,#7FFF00
Partial-s91-r(3):b379,sid-91,1,7,#000000
sid-1,Partial-s91-r(3):b379,0,1,#191970
sid-91,Partial-s91-r(3):b379,0,1,#FF00FF
sid-94,Partial-s91-r(3):b379,0,1,#7FFF00
Partial-s91-r(7):b380,sid-91,1,1,#000000
sid-2,Partial-s91-r(7):b380,0,1,#FFFF54
sid-6,Partial-s91-r(7):b380,0,1,#BFBFBF
sid-37,Partial-s91-r(7):b380,0,1,#00BFFF
sid-78,Partial-s91-r(7):b380,0,1,#BFBFBF
sid-91,Partial-s91-r(7):b380,0,1,#FF00FF
sid-93,Partial-s91-r(7):b380,0,1,#BFBFBF
sid-94,Partial-s91-r(7):b380,0,1,#7FFF00
Partial-s91-r(5):b381,sid-91,1,2,#000000
sid-2,Partial-s91-r(5):b381,0,1,#FFFF54
sid-6,Partial-s91-r(5):b381,0,1,#BFBFBF
sid-37,Partial-s91-r(5):b381,0,1,#00BFFF
sid-91,Partial-s91-r(5):b381,0,1,#FF00FF
sid-94,Partial-s91-r(5):b381,0,1,#7FFF00
Partial-s91-r(9):b382,sid-91,1,1,#000000
sid-2,Partial-s91-r(9):b382,0,1,#FFFF54
sid-37,Partial-s91-r(9):b382,0,1,#00BFFF
sid-72,Partial-s91-r(9):b382,0,1,#4169E1
sid-78,Partial-s91-r(9):b382,0,1,#BFBFBF
sid-90,Partial-s91-r(9):b382,0,1,#0000CD
sid-91,Partial-s91-r(9):b382,0,1,#FF00FF
Partial-s91-r(2):b383,sid-91,1,11,#000000
sid-2,Partial-s91-r(2):b383,0,1,#FFFF54
sid-91,Partial-s91-r(2):b383,0,1,#FF00FF
Partial-s91-r(3):b384,sid-91,1,1,#000000
sid-2,Partial-s91-r(3):b384,0,1,#FFFF54
sid-91,Partial-s91-r(3):b384,0,1,#FF00FF
sid-94,Partial-s91-r(3):b384,0,1,#7FFF00
Partial-s91-r(6):b385,sid-91,1,1,#000000
sid-3,Partial-s91-r(6):b385,0,1,#FF0000
sid-68,Partial-s91-r(6):b385,0,1,#F08080
sid-91,Partial-s91-r(6):b385,0,1,#FF00FF
Partial-s91-r(5):b386,sid-91,1,1,#000000
sid-3,Partial-s91-r(5):b386,0,1,#FF0000
sid-37,Partial-s91-r(5):b386,0,1,#00BFFF
sid-69,Partial-s91-r(5):b386,0,1,#BFBFBF
sid-91,Partial-s91-r(5):b386,0,1,#FF00FF
sid-94,Partial-s91-r(5):b386,0,1,#7FFF00
Partial-s91-r(6):b387,sid-91,1,1,#000000
sid-3,Partial-s91-r(6):b387,0,1,#FF0000
sid-68,Partial-s91-r(6):b387,0,1,#F08080
sid-90,Partial-s91-r(6):b387,0,1,#0000CD
sid-91,Partial-s91-r(6):b387,0,1,#FF00FF
sid-94,Partial-s91-r(6):b387,0,1,#7FFF00
Partial-s91-r(2):b388,sid-91,1,4,#000000
sid-3,Partial-s91-r(2):b388,0,1,#FF0000
sid-91,Partial-s91-r(2):b388,0,1,#FF00FF
Partial-s91-r(4):b389,sid-91,1,1,#000000
sid-5,Partial-s91-r(4):b389,0,1,#BFBFBF
sid-90,Partial-s91-r(4):b389,0,1,#0000CD
sid-91,Partial-s91-r(4):b389,0,1,#FF00FF
Partial-s91-r(3):b390,sid-91,1,2,#000000
sid-90,Partial-s91-r(3):b390,0,1,#0000CD
sid-91,Partial-s91-r(3):b390,0,1,#FF00FF
Partial-s91-r(3):b391,sid-91,1,1,#000000
sid-91,Partial-s91-r(3):b391,0,1,#FF00FF
Partial-s91-r(3):b392,sid-91,1,4,#000000
sid-37,Partial-s91-r(3):b392,0,1,#00BFFF
sid-91,Partial-s91-r(3):b392,0,1,#FF00FF
sid-94,Partial-s91-r(3):b392,0,1,#7FFF00
Partial-s91-r(5):b393,sid-91,1,1,#000000
sid-72,Partial-s91-r(5):b393,0,1,#4169E1
sid-90,Partial-s91-r(5):b393,0,1,#0000CD
sid-91,Partial-s91-r(5):b393,0,1,#FF00FF
Partial-s91-r(3):b394,sid-91,1,2,#000000
sid-72,Partial-s91-r(3):b394,0,1,#4169E1
sid-91,Partial-s91-r(3):b394,0,1,#FF00FF
sid-94,Partial-s91-r(3):b394,0,1,#7FFF00
Partial-s91-r(2):b395,sid-91,1,4,#000000
sid-90,Partial-s91-r(2):b395,0,1,#0000CD
sid-91,Partial-s91-r(2):b395,0,1,#FF00FF
Pure-s91:b396,sid-91,1,135,#000000
sid-91,Pure-s91:b396,0,1,#FF00FF
Partial-s91-r(2):b397,sid-91,1,4,#000000
sid-91,Partial-s91-r(2):b397,0,1,#FF00FF
sid-94,Partial-s91-r(2):b397,0,1,#7FFF00
Partial-s92-r(6):b398,sid-92,1,3,#000000
sid-2,Partial-s92-r(6):b398,0,1,#FFFF54
sid-3,Partial-s92-r(6):b398,0,1,#FF0000
sid-36,Partial-s92-r(6):b398,0,1,#DDA0DD
sid-90,Partial-s92-r(6):b398,0,1,#0000CD
sid-92,Partial-s92-r(6):b398,0,1,#FF8C00
sid-94,Partial-s92-r(6):b398,0,1,#7FFF00
Partial-s92-r(5):b399,sid-92,1,1,#000000
sid-2,Partial-s92-r(5):b399,0,1,#FFFF54
sid-36,Partial-s92-r(5):b399,0,1,#DDA0DD
sid-72,Partial-s92-r(5):b399,0,1,#4169E1
sid-90,Partial-s92-r(5):b399,0,1,#0000CD
sid-92,Partial-s92-r(5):b399,0,1,#FF8C00
Partial-s92-r(4):b400,sid-92,1,1,#000000
sid-2,Partial-s92-r(4):b400,0,1,#FFFF54
sid-36,Partial-s92-r(4):b400,0,1,#DDA0DD
sid-90,Partial-s92-r(4):b400,0,1,#0000CD
sid-92,Partial-s92-r(4):b400,0,1,#FF8C00
Partial-s92-r(4):b401,sid-92,1,1,#000000
sid-3,Partial-s92-r(4):b401,0,1,#FF0000
sid-5,Partial-s92-r(4):b401,0,1,#BFBFBF
sid-90,Partial-s92-r(4):b401,0,1,#0000CD
sid-92,Partial-s92-r(4):b401,0,1,#FF8C00
Partial-s92-r(4):b402,sid-92,1,2,#000000
sid-3,Partial-s92-r(4):b402,0,1,#FF0000
sid-36,Partial-s92-r(4):b402,0,1,#DDA0DD
sid-90,Partial-s92-r(4):b402,0,1,#0000CD
sid-92,Partial-s92-r(4):b402,0,1,#FF8C00
Partial-s92-r(3):b403,sid-92,1,3,#000000
sid-3,Partial-s92-r(3):b403,0,1,#FF0000
sid-90,Partial-s92-r(3):b403,0,1,#0000CD
sid-92,Partial-s92-r(3):b403,0,1,#FF8C00
Partial-s92-r(3):b404,sid-92,1,3,#000000
sid-3,Partial-s92-r(3):b404,0,1,#FF0000
sid-92,Partial-s92-r(3):b404,0,1,#FF8C00
sid-94,Partial-s92-r(3):b404,0,1,#7FFF00
Partial-s92-r(11):b405,sid-92,1,1,#000000
sid-5,Partial-s92-r(11):b405,0,1,#BFBFBF
sid-45,Partial-s92-r(11):b405,0,1,#BFBFBF
sid-47,Partial-s92-r(11):b405,0,1,#BFBFBF
sid-58,Partial-s92-r(11):b405,0,1,#BFBFBF
sid-65,Partial-s92-r(11):b405,0,1,#BFBFBF
sid-72,Partial-s92-r(11):b405,0,1,#4169E1
sid-90,Partial-s92-r(11):b405,0,1,#0000CD
sid-92,Partial-s92-r(11):b405,0,1,#FF8C00
Partial-s92-r(3):b406,sid-92,1,2,#000000
sid-36,Partial-s92-r(3):b406,0,1,#DDA0DD
sid-90,Partial-s92-r(3):b406,0,1,#0000CD
sid-92,Partial-s92-r(3):b406,0,1,#FF8C00
Partial-s92-r(4):b407,sid-92,1,1,#000000
sid-36,Partial-s92-r(4):b407,0,1,#DDA0DD
sid-90,Partial-s92-r(4):b407,0,1,#0000CD
sid-92,Partial-s92-r(4):b407,0,1,#FF8C00
sid-94,Partial-s92-r(4):b407,0,1,#7FFF00
Partial-s92-r(2):b408,sid-92,1,1,#000000
sid-36,Partial-s92-r(2):b408,0,1,#DDA0DD
sid-92,Partial-s92-r(2):b408,0,1,#FF8C00
Partial-s92-r(2):b409,sid-92,1,15,#000000
sid-90,Partial-s92-r(2):b409,0,1,#0000CD
sid-92,Partial-s92-r(2):b409,0,1,#FF8C00
Partial-s92-r(3):b410,sid-92,1,6,#000000
sid-90,Partial-s92-r(3):b410,0,1,#0000CD
sid-92,Partial-s92-r(3):b410,0,1,#FF8C00
sid-94,Partial-s92-r(3):b410,0,1,#7FFF00
Pure-s92:b411,sid-92,1,14,#000000
sid-92,Pure-s92:b411,0,1,#FF8C00
Partial-s93-r(9):b412,sid-93,1,1,#000000
sid-24,Partial-s93-r(9):b412,0,1,#BFBFBF
sid-55,Partial-s93-r(9):b412,0,1,#BFBFBF
sid-72,Partial-s93-r(9):b412,0,1,#4169E1
sid-85,Partial-s93-r(9):b412,0,1,#BFBFBF
sid-89,Partial-s93-r(9):b412,0,1,#BFBFBF
sid-93,Partial-s93-r(9):b412,0,1,#BFBFBF
sid-94,Partial-s93-r(9):b412,0,1,#7FFF00
Partial-s93-r(7):b413,sid-93,1,1,#000000
sid-24,Partial-s93-r(7):b413,0,1,#BFBFBF
sid-55,Partial-s93-r(7):b413,0,1,#BFBFBF
sid-85,Partial-s93-r(7):b413,0,1,#BFBFBF
sid-89,Partial-s93-r(7):b413,0,1,#BFBFBF
sid-93,Partial-s93-r(7):b413,0,1,#BFBFBF
sid-94,Partial-s93-r(7):b413,0,1,#7FFF00
Partial-s93-r(5):b414,sid-93,1,1,#000000
sid-55,Partial-s93-r(5):b414,0,1,#BFBFBF
sid-72,Partial-s93-r(5):b414,0,1,#4169E1
sid-85,Partial-s93-r(5):b414,0,1,#BFBFBF
sid-89,Partial-s93-r(5):b414,0,1,#BFBFBF
sid-93,Partial-s93-r(5):b414,0,1,#BFBFBF
Partial-s93-r(5):b415,sid-93,1,1,#000000
sid-55,Partial-s93-r(5):b415,0,1,#BFBFBF
sid-85,Partial-s93-r(5):b415,0,1,#BFBFBF
sid-89,Partial-s93-r(5):b415,0,1,#BFBFBF
sid-93,Partial-s93-r(5):b415,0,1,#BFBFBF
sid-94,Partial-s93-r(5):b415,0,1,#7FFF00
Partial-s94-r(5):b416,sid-94,1,1,#000000
sid-1,Partial-s94-r(5):b416,0,1,#191970
sid-36,Partial-s94-r(5):b416,0,1,#DDA0DD
sid-72,Partial-s94-r(5):b416,0,1,#4169E1
sid-90,Partial-s94-r(5):b416,0,1,#0000CD
sid-94,Partial-s94-r(5):b416,0,1,#7FFF00
Partial-s94-r(4):b417,sid-94,1,1,#000000
sid-1,Partial-s94-r(4):b417,0,1,#191970
sid-36,Partial-s94-r(4):b417,0,1,#DDA0DD
sid-90,Partial-s94-r(4):b417,0,1,#0000CD
sid-94,Partial-s94-r(4):b417,0,1,#7FFF00
Partial-s94-r(2):b418,sid-94,1,27,#000000
sid-1,Partial-s94-r(2):b418,0,1,#191970
sid-94,Partial-s94-r(2):b418,0,1,#7FFF00
Partial-s94-r(4):b419,sid-94,1,1,#000000
sid-26,Partial-s94-r(4):b419,0,1,#BFBFBF
sid-90,Partial-s94-r(4):b419,0,1,#0000CD
sid-94,Partial-s94-r(4):b419,0,1,#7FFF00
Partial-s94-r(2):b420,sid-94,1,2,#000000
sid-36,Partial-s94-r(2):b420,0,1,#DDA0DD
sid-94,Partial-s94-r(2):b420,0,1,#7FFF00
Partial-s94-r(2):b421,sid-94,1,7,#000000
sid-90,Partial-s94-r(2):b421,0,1,#0000CD
sid-94,Partial-s94-r(2):b421,0,1,#7FFF00
Pure-s94:b422,sid-94,1,44,#000000
sid-94,Pure-s94:b422,0,1,#7FFF00
