nodename,issid,nodesize,straintype,color,human,plant,soil,water,unknown,others
sid-1,1,52,nan,#191970
sid-2,1,53,nan,#FFFF54
sid-3,1,423,nan,#FF0000
sid-4,1,55,nan,#BFBFBF
sid-5,1,51,nan,#BFBFBF
sid-6,1,51,nan,#BFBFBF
sid-7,1,51,nan,#BFBFBF
sid-15,1,55,nan,#BFBFBF
sid-23,1,57,nan,#BFBFBF
sid-24,1,53,nan,#BFBFBF
sid-26,1,51,nan,#BFBFBF
sid-35,1,408,nan,#00FFFF
sid-36,1,135,nan,#DDA0DD
sid-37,1,60,nan,#00BFFF
sid-38,1,55,nan,#BFBFBF
sid-39,1,136,nan,#7F007F
sid-45,1,63,nan,#BFBFBF
sid-46,1,51,nan,#BFBFBF
sid-47,1,51,nan,#BFBFBF
sid-55,1,51,nan,#BFBFBF
sid-56,1,51,nan,#BFBFBF
sid-57,1,51,nan,#BFBFBF
sid-58,1,56,nan,#BFBFBF
sid-65,1,54,nan,#BFBFBF
sid-66,1,56,nan,#BFBFBF
sid-68,1,79,nan,#F08080
sid-69,1,52,nan,#BFBFBF
sid-70,1,69,nan,#00FA9A
sid-72,1,76,nan,#4169E1
sid-75,1,52,nan,#800000
sid-76,1,78,nan,#2E8B57
sid-77,1,53,nan,#BFBFBF
sid-78,1,52,nan,#BFBFBF
sid-80,1,70,nan,#808000
sid-81,1,65,nan,#BFBFBF
sid-82,1,53,nan,#BFBFBF
sid-84,1,56,nan,#BFBFBF
sid-85,1,52,nan,#BFBFBF
sid-86,1,51,nan,#BFBFBF
sid-87,1,53,nan,#BFBFBF
sid-88,1,51,nan,#BFBFBF
sid-89,1,51,nan,#BFBFBF
sid-90,1,152,nan,#0000CD
sid-91,1,328,nan,#FF00FF
sid-92,1,104,nan,#FF8C00
sid-93,1,54,nan,#BFBFBF
sid-94,1,133,nan,#7FFF00
Cheater-r(1):b1,0,2,3,nan,1,0,0,0,0,1
Cheater-r(7):b2,0,1,3,nan,0,0,0,0,1,0
Cheater-r(8):b3,0,1,3,nan,0,0,0,0,1,0
Cheater-r(7):b4,0,1,3,nan,0,0,0,0,1,0
Cheater-r(8):b5,0,1,3,nan,0,0,0,0,1,0
Cheater-r(7):b6,0,1,3,nan,0,0,0,0,1,0
Cheater-r(4):b7,0,1,3,nan,0,0,0,0,1,0
Cheater-r(5):b8,0,1,3,nan,0,0,0,0,1,0
Cheater-r(2):b9,0,1,3,nan,0,0,0,0,0,1
Cheater-r(14):b10,0,1,3,nan,0,0,0,0,1,0
Cheater-r(13):b11,0,1,3,nan,0,1,0,0,0,0
Cheater-r(3):b12,0,1,3,nan,0,0,1,0,0,0
Cheater-r(3):b13,0,1,3,nan,0,0,1,0,0,0
Cheater-r(5):b14,0,1,3,nan,0,0,0,0,1,0
Cheater-r(10):b15,0,1,3,nan,0,0,1,0,0,0
Cheater-r(4):b16,0,1,3,nan,1,0,0,0,0,0
Cheater-r(11):b17,0,1,3,nan,0,0,1,0,0,0
Cheater-r(7):b18,0,1,3,nan,0,0,1,0,0,0
Cheater-r(5):b19,0,1,3,nan,0,0,0,1,0,0
Cheater-r(4):b20,0,3,3,nan,0,0,1,0,2,0
Cheater-r(8):b21,0,1,3,nan,1,0,0,0,0,0
Cheater-r(3):b22,0,1,3,nan,0,0,1,0,0,0
Cheater-r(2):b23,0,2,3,nan,0,1,1,0,0,0
Cheater-r(1):b24,0,1,3,nan,0,0,0,0,1,0
Cheater-r(2):b25,0,1,3,nan,0,0,0,0,0,1
Cheater-r(1):b26,0,10,3,nan,4,0,0,0,6,0
Cheater-r(11):b27,0,1,3,nan,0,0,1,0,0,0
Cheater-r(8):b28,0,1,3,nan,0,0,0,0,0,1
Cheater-r(5):b29,0,2,3,nan,1,0,0,0,0,1
Cheater-r(11):b30,0,1,3,nan,0,0,1,0,0,0
Cheater-r(9):b31,0,2,3,nan,0,0,0,0,1,1
Cheater-r(7):b32,0,1,3,nan,0,0,0,1,0,0
Cheater-r(8):b33,0,1,3,nan,0,0,0,1,0,0
Cheater-r(5):b34,0,1,3,nan,0,0,0,1,0,0
Cheater-r(6):b35,0,5,3,nan,0,0,3,2,0,0
Cheater-r(4):b36,0,2,3,nan,0,0,1,0,1,0
Cheater-r(5):b37,0,1,3,nan,0,0,0,0,1,0
Cheater-r(6):b38,0,10,3,nan,0,0,1,0,4,5
Cheater-r(2):b39,0,1,3,nan,0,1,0,0,0,0
Cheater-r(5):b40,0,1,3,nan,0,0,1,0,0,0
Cheater-r(1):b41,0,2,3,nan,0,0,1,0,0,1
Cheater-r(2):b42,0,1,3,nan,0,0,0,0,0,1
Cheater-r(6):b43,0,1,3,nan,0,0,0,0,0,1
Cheater-r(4):b44,0,1,3,nan,0,0,0,0,1,0
Cheater-r(1):b45,0,3,3,nan,0,0,1,0,2,0
Cheater-r(3):b46,0,2,3,nan,0,0,0,0,2,0
Cheater-r(4):b47,0,1,3,nan,0,0,0,0,1,0
Cheater-r(3):b48,0,1,3,nan,0,1,0,0,0,0
Cheater-r(4):b49,0,1,3,nan,0,0,0,0,0,1
Cheater-r(4):b50,0,3,3,nan,0,0,2,0,1,0
Cheater-r(3):b51,0,1,3,nan,0,0,1,0,0,0
Cheater-r(3):b52,0,1,3,nan,0,0,0,0,0,1
Cheater-r(11):b53,0,1,3,nan,0,1,0,0,0,0
Cheater-r(8):b54,0,1,3,nan,0,1,0,0,0,0
Cheater-r(5):b58,0,1,3,nan,0,0,0,0,0,1
Cheater-r(2):b59,0,2,3,nan,0,0,0,0,2,0
Cheater-r(3):b60,0,2,3,nan,0,0,0,1,0,1
Cheater-r(2):b63,0,1,3,nan,0,0,0,0,0,1
Cheater-r(3):b64,0,1,3,nan,0,0,0,0,1,0
Cheater-r(2):b65,0,1,3,nan,0,0,0,1,0,0
Cheater-r(1):b66,0,3,3,nan,0,0,2,0,1,0
Cheater-r(2):b67,0,2,3,nan,0,0,1,1,0,0
Cheater-r(3):b68,0,4,3,nan,0,2,0,0,2,0
Cheater-r(5):b69,0,1,3,nan,0,1,0,0,0,0
Cheater-r(4):b70,0,1,3,nan,0,0,1,0,0,0
Cheater-r(2):b71,0,1,3,nan,0,1,0,0,0,0
Cheater-r(3):b72,0,1,3,nan,0,0,0,0,0,1
Cheater-r(2):b73,0,1,3,nan,0,0,1,0,0,0
Cheater-r(1):b75,0,17,3,nan,0,0,2,1,9,5
Cheater-r(2):b78,0,5,3,nan,0,5,0,0,0,0
Cheater-r(1):b81,0,5,3,nan,0,2,0,0,3,0
Cheater-r(4):b82,0,4,3,nan,0,0,0,0,4,0
Cheater-r(3):b83,0,1,3,nan,0,0,1,0,0,0
Cheater-r(4):b84,0,2,3,nan,0,1,0,0,1,0
Cheater-r(3):b85,0,1,3,nan,0,0,0,0,1,0
Cheater-r(4):b86,0,1,3,nan,0,0,0,0,1,0
Cheater-r(3):b87,0,1,3,nan,0,0,0,0,1,0
Cheater-r(3):b88,0,1,3,nan,0,0,0,0,1,0
Cheater-r(1):b89,0,4,3,nan,1,0,0,0,3,0
Cheater-r(4):b91,0,1,3,nan,0,1,0,0,0,0
Cheater-r(5):b92,0,1,3,nan,0,1,0,0,0,0
Cheater-r(6):b93,0,1,3,nan,0,0,0,0,0,1
Cheater-r(2):b95,0,1,3,nan,0,0,0,0,0,1
Cheater-r(1):b96,0,16,3,nan,0,2,2,0,4,8
Cheater-r(2):b97,0,8,3,nan,0,0,1,0,2,5
Cheater-r(2):b100,0,2,3,nan,0,0,1,0,1,0
Cheater-r(3):b101,0,1,3,nan,0,0,0,0,1,0
Cheater-r(4):b102,0,2,3,nan,0,0,0,1,1,0
Cheater-r(5):b103,0,7,3,nan,0,0,0,0,1,6
Cheater-r(6):b104,0,1,3,nan,0,0,0,0,0,1
Cheater-r(4):b105,0,1,3,nan,0,0,0,0,0,1
Cheater-r(1):b107,0,2,3,nan,0,0,0,0,0,2
Cheater-r(2):b108,0,1,3,nan,0,0,1,0,0,0
Cheater-r(1):b109,0,6,3,nan,0,0,0,1,4,1
Cheater-r(4):b110,0,2,3,nan,0,0,0,0,0,2
Cheater-r(2):b111,0,1,3,nan,0,0,0,1,0,0
Cheater-r(2):b112,0,3,3,nan,0,0,0,1,2,0
Cheater-r(1):b113,0,19,3,nan,5,0,0,0,14,0
Cheater-r(1):b114,0,2,3,nan,0,1,0,0,1,0
Cheater-r(1):b115,0,1,3,nan,0,0,0,0,1,0
Pure-s1:b116,0,1,1,nan,0,0,1,0,0,0
Partial-s1-r(8):b117,0,1,2,nan,0,0,0,1,0,0
Pure-s2:b118,0,2,1,nan,0,0,0,0,2,0
Partial-s2-r(9):b119,0,1,2,nan,0,0,0,0,1,0
Partial-s3-r(9):b120,0,1,2,nan,0,0,0,1,0,0
Partial-s3-r(8):b121,0,1,2,nan,0,0,0,0,0,1
Partial-s3-r(8):b122,0,1,2,nan,0,0,1,0,0,0
Partial-s3-r(7):b123,0,1,2,nan,0,0,0,1,0,0
Partial-s3-r(2):b124,0,10,2,nan,0,3,2,0,5,0
Partial-s3-r(8):b125,0,1,2,nan,0,1,0,0,0,0
Partial-s3-r(3):b126,0,6,2,nan,0,1,2,0,3,0
Partial-s3-r(5):b127,0,1,2,nan,0,0,0,0,1,0
Partial-s3-r(5):b128,0,1,2,nan,0,0,0,0,1,0
Partial-s3-r(3):b129,0,2,2,nan,0,1,0,0,1,0
Partial-s3-r(4):b130,0,2,2,nan,0,1,1,0,0,0
Pure-s3:b131,0,320,1,nan,210,6,8,14,74,8
Partial-s3-r(2):b132,0,2,2,nan,1,0,0,0,1,0
Partial-s3-r(3):b133,0,3,2,nan,0,0,0,1,2,0
Partial-s3-r(4):b134,0,1,2,nan,0,1,0,0,0,0
Partial-s3-r(2):b135,0,4,2,nan,2,0,0,0,0,2
Partial-s3-r(2):b136,0,6,2,nan,0,1,1,1,3,0
Partial-s3-r(2):b137,0,1,2,nan,0,0,0,0,1,0
Partial-s3-r(2):b138,0,9,2,nan,2,2,1,1,3,0
Partial-s4-r(2):b139,0,1,2,nan,0,0,1,0,0,0
Partial-s4-r(2):b140,0,1,2,nan,0,0,0,0,1,0
Partial-s4-r(3):b141,0,1,2,nan,1,0,0,0,0,0
Partial-s4-r(2):b142,0,2,2,nan,0,1,1,0,0,0
Partial-s5-r(19):b143,0,1,2,nan,0,1,0,0,0,0
Partial-s6-r(7):b144,0,1,2,nan,0,1,0,0,0,0
Partial-s7-r(9):b145,0,1,2,nan,0,1,0,0,0,0
Partial-s15-r(9):b146,0,2,2,nan,0,0,1,0,1,0
Partial-s15-r(19):b147,0,1,2,nan,0,0,0,0,1,0
Partial-s15-r(9):b148,0,1,2,nan,0,0,0,0,1,0
Partial-s15-r(8):b149,0,1,2,nan,0,0,0,0,1,0
Partial-s23-r(7):b150,0,1,2,nan,0,0,0,0,1,0
Partial-s23-r(6):b151,0,4,2,nan,0,0,0,0,4,0
Partial-s23-r(5):b152,0,1,2,nan,0,0,0,0,1,0
Partial-s23-r(2):b153,0,1,2,nan,0,1,0,0,0,0
Partial-s24-r(8):b154,0,1,2,nan,0,1,0,0,0,0
Partial-s24-r(7):b155,0,1,2,nan,0,0,0,1,0,0
Partial-s24-r(13):b156,0,1,2,nan,0,0,0,0,1,0
Partial-s26-r(8):b157,0,1,2,nan,0,0,0,1,0,0
Partial-s35-r(5):b158,0,2,2,nan,0,1,0,0,1,0
Partial-s35-r(2):b159,0,55,2,nan,0,33,0,0,22,0
Partial-s35-r(11):b160,0,1,2,nan,0,0,0,0,1,0
Partial-s35-r(3):b161,0,1,2,nan,0,1,0,0,0,0
Partial-s35-r(2):b162,0,2,2,nan,0,0,0,0,2,0
Pure-s35:b163,0,288,1,nan,0,59,6,6,215,2
Partial-s35-r(6):b164,0,1,2,nan,0,0,1,0,0,0
Partial-s35-r(9):b165,0,1,2,nan,0,0,0,0,1,0
Partial-s35-r(7):b166,0,1,2,nan,0,0,0,0,1,0
Partial-s35-r(5):b167,0,2,2,nan,0,0,1,0,1,0
Partial-s35-r(3):b168,0,2,2,nan,0,0,2,0,0,0
Partial-s35-r(4):b169,0,1,2,nan,0,0,0,1,0,0
Partial-s35-r(2):b170,0,1,2,nan,0,0,0,0,1,0
Partial-s36-r(5):b171,0,1,2,nan,0,0,0,0,0,1
Partial-s36-r(5):b172,0,3,2,nan,0,1,0,0,2,0
Partial-s36-r(2):b173,0,7,2,nan,0,0,2,0,5,0
Partial-s36-r(3):b174,0,6,2,nan,0,0,2,0,3,1
Partial-s36-r(2):b175,0,1,2,nan,0,0,0,0,1,0
Partial-s36-r(3):b176,0,4,2,nan,0,1,2,0,1,0
Partial-s36-r(3):b177,0,3,2,nan,0,0,0,1,2,0
Partial-s36-r(3):b178,0,1,2,nan,0,0,1,0,0,0
Pure-s36:b179,0,29,1,nan,0,5,6,1,16,1
Partial-s36-r(2):b180,0,11,2,nan,0,2,2,0,7,0
Partial-s36-r(3):b181,0,3,2,nan,0,2,1,0,0,0
Partial-s36-r(2):b182,0,16,2,nan,0,3,8,0,4,1
Pure-s37:b183,0,7,1,nan,0,0,3,1,3,0
Partial-s37-r(4):b184,0,1,2,nan,0,0,1,0,0,0
Partial-s37-r(6):b185,0,1,2,nan,0,0,0,0,1,0
Partial-s37-r(2):b186,0,1,2,nan,0,1,0,0,0,0
Partial-s38-r(3):b187,0,1,2,nan,0,0,0,0,1,0
Partial-s38-r(4):b188,0,1,2,nan,0,0,0,0,1,0
Partial-s38-r(3):b189,0,1,2,nan,1,0,0,0,0,0
Partial-s38-r(6):b190,0,1,2,nan,0,0,0,0,1,0
Partial-s38-r(4):b191,0,1,2,nan,0,0,0,0,1,0
Partial-s39-r(3):b192,0,1,2,nan,1,0,0,0,0,0
Pure-s39:b193,0,80,1,nan,55,1,2,2,20,0
Partial-s39-r(3):b194,0,1,2,nan,1,0,0,0,0,0
Partial-s39-r(2):b195,0,2,2,nan,2,0,0,0,0,0
Partial-s39-r(2):b196,0,2,2,nan,0,0,0,0,2,0
Partial-s45-r(11):b197,0,1,2,nan,0,0,0,0,0,1
Partial-s45-r(15):b198,0,2,2,nan,0,0,0,0,1,1
Partial-s45-r(16):b199,0,1,2,nan,0,0,0,1,0,0
Partial-s45-r(15):b200,0,1,2,nan,0,0,1,0,0,0
Partial-s45-r(11):b201,0,1,2,nan,0,0,0,0,1,0
Partial-s45-r(11):b202,0,1,2,nan,1,0,0,0,0,0
Partial-s45-r(15):b203,0,1,2,nan,0,0,0,0,1,0
Partial-s45-r(14):b204,0,1,2,nan,0,0,0,0,0,1
Partial-s45-r(8):b205,0,1,2,nan,0,0,0,0,1,0
Partial-s45-r(5):b206,0,1,2,nan,0,0,0,0,1,0
Partial-s45-r(5):b207,0,1,2,nan,0,0,1,0,0,0
Partial-s45-r(4):b208,0,1,2,nan,0,0,0,1,0,0
Partial-s46-r(8):b209,0,1,2,nan,0,1,0,0,0,0
Partial-s47-r(21):b210,0,1,2,nan,0,0,0,0,1,0
Partial-s55-r(4):b211,0,1,2,nan,0,1,0,0,0,0
Partial-s56-r(4):b212,0,1,2,nan,0,0,0,0,0,1
Partial-s57-r(8):b213,0,1,2,nan,0,0,1,0,0,0
Partial-s58-r(5):b214,0,1,2,nan,1,0,0,0,0,0
Partial-s58-r(3):b215,0,5,2,nan,3,1,1,0,0,0
Partial-s65-r(6):b216,0,1,2,nan,0,0,1,0,0,0
Partial-s65-r(3):b217,0,3,2,nan,0,0,3,0,0,0
Partial-s66-r(21):b218,0,1,2,nan,0,0,0,0,1,0
Partial-s66-r(5):b219,0,1,2,nan,1,0,0,0,0,0
Partial-s66-r(5):b220,0,1,2,nan,0,0,1,0,0,0
Partial-s66-r(4):b221,0,1,2,nan,0,0,1,0,0,0
Partial-s66-r(3):b222,0,2,2,nan,0,0,0,1,1,0
Partial-s68-r(8):b223,0,1,2,nan,0,1,0,0,0,0
Partial-s68-r(5):b224,0,1,2,nan,0,0,1,0,0,0
Partial-s68-r(6):b225,0,1,2,nan,0,0,1,0,0,0
Partial-s68-r(6):b226,0,3,2,nan,0,0,0,0,2,1
Partial-s68-r(7):b227,0,5,2,nan,0,1,2,1,1,0
Partial-s68-r(6):b228,0,1,2,nan,0,0,1,0,0,0
Partial-s68-r(4):b229,0,1,2,nan,0,0,0,0,1,0
Partial-s68-r(6):b230,0,4,2,nan,0,1,1,1,1,0
Partial-s68-r(5):b231,0,1,2,nan,0,0,1,0,0,0
Partial-s68-r(5):b232,0,1,2,nan,0,0,0,0,1,0
Partial-s68-r(4):b233,0,1,2,nan,0,0,0,0,1,0
Pure-s68:b234,0,1,1,nan,0,0,1,0,0,0
Partial-s68-r(3):b235,0,1,2,nan,0,0,1,0,0,0
Partial-s68-r(2):b236,0,7,2,nan,0,0,3,0,4,0
Partial-s69-r(16):b237,0,1,2,nan,0,0,0,0,1,0
Partial-s69-r(15):b238,0,1,2,nan,0,0,0,0,0,1
Partial-s70-r(8):b239,0,1,2,nan,0,0,1,0,0,0
Partial-s70-r(8):b240,0,1,2,nan,0,1,0,0,0,0
Partial-s70-r(2):b241,0,1,2,nan,1,0,0,0,0,0
Partial-s70-r(5):b242,0,1,2,nan,0,0,1,0,0,0
Partial-s70-r(5):b243,0,8,2,nan,0,0,6,1,1,0
Pure-s70:b244,0,7,1,nan,0,0,4,1,2,0
Partial-s72-r(4):b245,0,2,2,nan,0,1,1,0,0,0
Partial-s72-r(6):b246,0,2,2,nan,0,0,0,1,1,0
Partial-s72-r(2):b247,0,3,2,nan,0,1,0,0,2,0
Partial-s72-r(3):b248,0,1,2,nan,0,0,0,0,1,0
Partial-s72-r(2):b249,0,2,2,nan,0,0,0,0,1,1
Partial-s72-r(5):b250,0,1,2,nan,0,0,0,0,1,0
Partial-s72-r(6):b251,0,2,2,nan,1,0,0,0,1,0
Partial-s72-r(6):b252,0,1,2,nan,1,0,0,0,0,0
Partial-s72-r(6):b253,0,1,2,nan,0,0,1,0,0,0
Partial-s72-r(2):b254,0,2,2,nan,0,0,0,1,1,0
Partial-s72-r(2):b255,0,3,2,nan,0,0,1,0,2,0
Pure-s72:b256,0,6,1,nan,0,2,1,0,2,1
Partial-s75-r(3):b257,0,1,2,nan,0,0,0,0,1,0
Pure-s75:b258,0,1,1,nan,1,0,0,0,0,0
Partial-s76-r(14):b259,0,1,2,nan,0,1,0,0,0,0
Partial-s76-r(11):b260,0,2,2,nan,0,1,0,0,1,0
Partial-s76-r(11):b261,0,1,2,nan,0,1,0,0,0,0
Partial-s76-r(9):b262,0,1,2,nan,0,0,0,1,0,0
Partial-s76-r(3):b263,0,1,2,nan,0,0,0,0,1,0
Pure-s76:b264,0,11,1,nan,2,0,3,0,5,1
Partial-s76-r(2):b265,0,3,2,nan,1,0,2,0,0,0
Partial-s76-r(3):b266,0,4,2,nan,0,0,0,0,4,0
Partial-s76-r(2):b267,0,4,2,nan,0,2,0,0,2,0
Partial-s77-r(6):b268,0,1,2,nan,0,0,1,0,0,0
Partial-s77-r(6):b269,0,1,2,nan,0,0,0,0,1,0
Partial-s77-r(6):b270,0,1,2,nan,0,0,1,0,0,0
Partial-s78-r(5):b271,0,2,2,nan,0,0,2,0,0,0
Partial-s80-r(8):b272,0,1,2,nan,0,0,0,0,1,0
Partial-s80-r(9):b273,0,1,2,nan,0,0,0,0,1,0
Partial-s80-r(8):b274,0,2,2,nan,0,0,2,0,0,0
Partial-s80-r(7):b275,0,1,2,nan,0,0,1,0,0,0
Partial-s80-r(4):b276,0,3,2,nan,1,0,0,0,1,1
Partial-s80-r(3):b277,0,6,2,nan,0,1,1,0,2,2
Partial-s80-r(2):b278,0,1,2,nan,0,0,1,0,0,0
Partial-s80-r(7):b279,0,1,2,nan,0,0,0,1,0,0
Partial-s80-r(2):b280,0,1,2,nan,0,0,1,0,0,0
Pure-s80:b281,0,3,1,nan,0,1,0,0,0,2
Partial-s81-r(10):b282,0,1,2,nan,0,0,0,0,1,0
Partial-s81-r(7):b283,0,1,2,nan,0,1,0,0,0,0
Partial-s81-r(8):b284,0,1,2,nan,0,0,0,1,0,0
Partial-s81-r(6):b285,0,1,2,nan,0,0,1,0,0,0
Partial-s81-r(6):b286,0,1,2,nan,0,0,1,0,0,0
Partial-s81-r(5):b287,0,1,2,nan,1,0,0,0,0,0
Partial-s81-r(6):b288,0,1,2,nan,0,0,0,1,0,0
Partial-s81-r(6):b289,0,2,2,nan,0,1,1,0,0,0
Partial-s81-r(5):b290,0,2,2,nan,0,2,0,0,0,0
Partial-s81-r(3):b291,0,1,2,nan,0,0,0,0,1,0
Partial-s81-r(11):b292,0,1,2,nan,0,0,0,0,1,0
Partial-s81-r(3):b293,0,2,2,nan,2,0,0,0,0,0
Partial-s82-r(12):b294,0,2,2,nan,0,0,1,0,1,0
Partial-s82-r(12):b295,0,1,2,nan,0,0,0,1,0,0
Partial-s84-r(2):b296,0,3,2,nan,0,0,0,0,2,1
Partial-s84-r(6):b297,0,2,2,nan,0,0,0,1,1,0
Partial-s84-r(7):b298,0,1,2,nan,0,0,0,0,1,0
Partial-s85-r(6):b299,0,1,2,nan,0,0,0,1,0,0
Partial-s85-r(5):b300,0,1,2,nan,0,0,1,0,0,0
Partial-s86-r(4):b301,0,1,2,nan,0,0,0,0,0,1
Partial-s87-r(5):b302,0,1,2,nan,0,0,1,0,0,0
Partial-s87-r(4):b303,0,1,2,nan,0,0,0,1,0,0
Partial-s87-r(2):b304,0,1,2,nan,1,0,0,0,0,0
Partial-s88-r(8):b305,0,1,2,nan,0,0,0,0,0,1
Partial-s89-r(6):b306,0,1,2,nan,0,0,0,0,0,1
Partial-s90-r(7):b307,0,1,2,nan,0,0,0,0,1,0
Partial-s90-r(2):b308,0,3,2,nan,0,1,1,0,1,0
Partial-s90-r(5):b309,0,1,2,nan,0,0,0,0,1,0
Partial-s90-r(3):b310,0,2,2,nan,0,1,1,0,0,0
Partial-s90-r(12):b311,0,1,2,nan,0,0,0,0,1,0
Partial-s90-r(9):b312,0,2,2,nan,0,0,0,0,0,2
Partial-s90-r(5):b313,0,1,2,nan,0,0,0,0,1,0
Partial-s90-r(3):b314,0,3,2,nan,0,0,0,0,3,0
Partial-s90-r(4):b315,0,1,2,nan,0,0,1,0,0,0
Partial-s90-r(4):b316,0,1,2,nan,0,1,0,0,0,0
Partial-s90-r(3):b317,0,1,2,nan,0,0,0,0,1,0
Partial-s90-r(8):b318,0,1,2,nan,0,0,0,0,0,1
Partial-s90-r(2):b319,0,1,2,nan,0,1,0,0,0,0
Partial-s90-r(5):b320,0,1,2,nan,0,0,0,0,0,1
Partial-s90-r(3):b321,0,1,2,nan,0,0,0,0,1,0
Partial-s90-r(2):b322,0,4,2,nan,0,0,0,1,3,0
Partial-s90-r(3):b323,0,1,2,nan,0,1,0,0,0,0
Partial-s90-r(3):b324,0,7,2,nan,0,0,3,0,4,0
Partial-s90-r(2):b325,0,1,2,nan,0,0,1,0,0,0
Partial-s90-r(6):b326,0,1,2,nan,0,0,0,0,0,1
Partial-s90-r(9):b327,0,1,2,nan,0,0,0,0,0,1
Partial-s90-r(8):b328,0,1,2,nan,0,0,0,0,0,1
Partial-s90-r(9):b329,0,1,2,nan,0,0,0,0,0,1
Partial-s90-r(2):b330,0,1,2,nan,0,0,0,0,1,0
Pure-s90:b331,0,37,1,nan,0,4,12,6,12,3
Partial-s90-r(2):b332,0,3,2,nan,0,0,0,0,1,2
Partial-s90-r(4):b333,0,13,2,nan,6,0,0,1,0,6
Partial-s90-r(3):b334,0,5,2,nan,1,0,0,0,3,1
Partial-s90-r(2):b335,0,5,2,nan,0,0,1,1,2,1
Partial-s91-r(13):b336,0,1,2,nan,0,0,1,0,0,0
Partial-s91-r(12):b337,0,1,2,nan,0,0,1,0,0,0
Partial-s91-r(18):b338,0,1,2,nan,0,0,0,1,0,0
Partial-s91-r(8):b339,0,1,2,nan,0,0,0,1,0,0
Partial-s91-r(9):b340,0,1,2,nan,0,0,1,0,0,0
Partial-s91-r(8):b341,0,1,2,nan,0,1,0,0,0,0
Partial-s91-r(8):b342,0,2,2,nan,0,0,0,0,2,0
Partial-s91-r(9):b343,0,1,2,nan,0,0,0,0,1,0
Partial-s91-r(7):b344,0,1,2,nan,0,0,0,0,1,0
Partial-s91-r(6):b345,0,5,2,nan,0,1,1,0,3,0
Partial-s91-r(5):b346,0,2,2,nan,0,0,0,1,1,0
Partial-s91-r(6):b347,0,2,2,nan,1,0,1,0,0,0
Partial-s91-r(8):b348,0,1,2,nan,0,0,0,0,1,0
Partial-s91-r(7):b349,0,1,2,nan,0,1,0,0,0,0
Partial-s91-r(6):b350,0,2,2,nan,0,0,0,1,1,0
Partial-s91-r(6):b351,0,4,2,nan,0,1,0,0,3,0
Partial-s91-r(9):b352,0,1,2,nan,0,0,0,0,0,1
Partial-s91-r(9):b353,0,1,2,nan,0,0,0,0,0,1
Partial-s91-r(8):b354,0,3,2,nan,0,0,0,0,3,0
Partial-s91-r(5):b355,0,1,2,nan,0,0,0,0,1,0
Partial-s91-r(5):b356,0,4,2,nan,0,1,1,0,2,0
Partial-s91-r(6):b357,0,1,2,nan,0,1,0,0,0,0
Partial-s91-r(4):b358,0,1,2,nan,0,0,0,0,1,0
Partial-s91-r(5):b359,0,1,2,nan,0,0,0,1,0,0
Partial-s91-r(5):b360,0,2,2,nan,0,0,0,0,2,0
Partial-s91-r(6):b361,0,1,2,nan,0,0,1,0,0,0
Partial-s91-r(6):b362,0,1,2,nan,0,1,0,0,0,0
Partial-s91-r(3):b363,0,1,2,nan,0,1,0,0,0,0
Partial-s91-r(4):b364,0,1,2,nan,0,0,0,0,1,0
Partial-s91-r(5):b365,0,1,2,nan,0,1,0,0,0,0
Partial-s91-r(4):b366,0,4,2,nan,0,0,2,1,1,0
Partial-s91-r(6):b367,0,1,2,nan,0,1,0,0,0,0
Partial-s91-r(8):b368,0,1,2,nan,1,0,0,0,0,0
Partial-s91-r(6):b369,0,1,2,nan,0,0,0,0,0,1
Partial-s91-r(4):b370,0,1,2,nan,0,0,0,0,0,1
Partial-s91-r(5):b371,0,7,2,nan,3,0,1,0,2,1
Partial-s91-r(4):b372,0,4,2,nan,1,1,0,0,1,1
Partial-s91-r(3):b373,0,2,2,nan,0,1,1,0,0,0
Partial-s91-r(4):b374,0,13,2,nan,1,3,3,1,3,2
Partial-s91-r(5):b375,0,1,2,nan,0,0,1,0,0,0
Partial-s91-r(3):b376,0,1,2,nan,0,0,0,0,1,0
Partial-s91-r(2):b377,0,10,2,nan,0,0,9,1,0,0
Partial-s91-r(4):b378,0,1,2,nan,0,0,0,0,1,0
Partial-s91-r(3):b379,0,7,2,nan,0,1,1,1,3,1
Partial-s91-r(7):b380,0,1,2,nan,0,0,0,0,1,0
Partial-s91-r(5):b381,0,2,2,nan,0,0,0,1,1,0
Partial-s91-r(9):b382,0,1,2,nan,0,0,0,0,0,1
Partial-s91-r(2):b383,0,11,2,nan,0,3,1,1,6,0
Partial-s91-r(3):b384,0,1,2,nan,0,1,0,0,0,0
Partial-s91-r(6):b385,0,1,2,nan,0,0,0,1,0,0
Partial-s91-r(5):b386,0,1,2,nan,0,0,1,0,0,0
Partial-s91-r(6):b387,0,1,2,nan,0,0,1,0,0,0
Partial-s91-r(2):b388,0,4,2,nan,0,4,0,0,0,0
Partial-s91-r(4):b389,0,1,2,nan,0,0,1,0,0,0
Partial-s91-r(3):b390,0,2,2,nan,0,0,1,0,1,0
Partial-s91-r(3):b391,0,1,2,nan,0,0,1,0,0,0
Partial-s91-r(3):b392,0,4,2,nan,0,1,1,0,1,1
Partial-s91-r(5):b393,0,1,2,nan,0,0,1,0,0,0
Partial-s91-r(3):b394,0,2,2,nan,0,1,0,0,1,0
Partial-s91-r(2):b395,0,4,2,nan,0,0,0,3,1,0
Pure-s91:b396,0,135,1,nan,80,1,6,19,26,3
Partial-s91-r(2):b397,0,4,2,nan,0,1,2,0,0,1
Partial-s92-r(6):b398,0,3,2,nan,0,0,0,0,3,0
Partial-s92-r(5):b399,0,1,2,nan,0,0,0,0,1,0
Partial-s92-r(4):b400,0,1,2,nan,0,1,0,0,0,0
Partial-s92-r(4):b401,0,1,2,nan,0,0,0,0,0,1
Partial-s92-r(4):b402,0,2,2,nan,0,1,0,0,1,0
Partial-s92-r(3):b403,0,3,2,nan,0,0,0,0,3,0
Partial-s92-r(3):b404,0,3,2,nan,0,0,2,0,1,0
Partial-s92-r(11):b405,0,1,2,nan,0,0,1,0,0,0
Partial-s92-r(3):b406,0,2,2,nan,0,0,0,0,2,0
Partial-s92-r(4):b407,0,1,2,nan,0,0,0,0,0,1
Partial-s92-r(2):b408,0,1,2,nan,0,0,0,0,1,0
Partial-s92-r(2):b409,0,15,2,nan,0,1,5,2,7,0
Partial-s92-r(3):b410,0,6,2,nan,0,1,0,2,3,0
Pure-s92:b411,0,14,1,nan,1,3,3,1,6,0
Partial-s93-r(9):b412,0,1,2,nan,0,0,0,1,0,0
Partial-s93-r(7):b413,0,1,2,nan,0,1,0,0,0,0
Partial-s93-r(5):b414,0,1,2,nan,0,0,1,0,0,0
Partial-s93-r(5):b415,0,1,2,nan,0,0,1,0,0,0
Partial-s94-r(5):b416,0,1,2,nan,0,0,1,0,0,0
Partial-s94-r(4):b417,0,1,2,nan,0,0,0,1,0,0
Partial-s94-r(2):b418,0,27,2,nan,1,6,7,3,9,1
Partial-s94-r(4):b419,0,1,2,nan,0,1,0,0,0,0
Partial-s94-r(2):b420,0,2,2,nan,0,0,0,0,2,0
Partial-s94-r(2):b421,0,7,2,nan,0,1,4,1,1,0
Pure-s94:b422,0,44,1,nan,3,3,16,2,19,1
