source,target,isproduce,edgesize,edgecolor,species
sid-3(aeruginosa),Cheater-r(1):b26(aeruginosa),0,1,#FF0000,aeruginosa
sid-39(aeruginosa),Cheater-r(1):b89(aeruginosa),0,1,#7F007F,aeruginosa
sid-91(aeruginosa),Cheater-r(1):b113(aeruginosa),0,1,#FF00FF,aeruginosa
Pure-s3:b131(aeruginosa),sid-3(aeruginosa),1,299,#000000,aeruginosa
sid-3(aeruginosa),Pure-s3:b131(aeruginosa),0,1,#FF0000,aeruginosa
Partial-s3-r(2):b132(aeruginosa),sid-3(aeruginosa),1,2,#000000,aeruginosa
sid-3(aeruginosa),Partial-s3-r(2):b132(aeruginosa),0,1,#FF0000,aeruginosa
sid-3(aeruginosa),Partial-s3-r(2):b132(aeruginosa),0,1,#FF0000,aeruginosa
Partial-s3-r(2):b135(aeruginosa),sid-3(aeruginosa),1,4,#000000,aeruginosa
sid-3(aeruginosa),Partial-s3-r(2):b135(aeruginosa),0,1,#FF0000,aeruginosa
sid-72(aeruginosa),Partial-s3-r(2):b135(aeruginosa),0,1,#4169E1,aeruginosa
Partial-s3-r(2):b137(aeruginosa),sid-3(aeruginosa),1,1,#000000,aeruginosa
sid-3(aeruginosa),Partial-s3-r(2):b137(aeruginosa),0,1,#FF0000,aeruginosa
sid-91(aeruginosa),Partial-s3-r(2):b137(aeruginosa),0,1,#FF00FF,aeruginosa
Partial-s3-r(2):b138(aeruginosa),sid-3(aeruginosa),1,3,#000000,aeruginosa
sid-3(aeruginosa),Partial-s3-r(2):b138(aeruginosa),0,1,#FF0000,aeruginosa
sid-94(aeruginosa),Partial-s3-r(2):b138(aeruginosa),0,1,#7FFF00,aeruginosa
Partial-s39-r(3):b192(aeruginosa),sid-39(aeruginosa),1,1,#000000,aeruginosa
sid-39(aeruginosa),Partial-s39-r(3):b192(aeruginosa),0,1,#7F007F,aeruginosa
sid-55(aeruginosa),Partial-s39-r(3):b192(aeruginosa),0,1,#BFBFBF,aeruginosa
Pure-s39:b193(aeruginosa),sid-39(aeruginosa),1,80,#000000,aeruginosa
sid-39(aeruginosa),Pure-s39:b193(aeruginosa),0,1,#7F007F,aeruginosa
Partial-s39-r(3):b194(aeruginosa),sid-39(aeruginosa),1,1,#000000,aeruginosa
sid-39(aeruginosa),Partial-s39-r(3):b194(aeruginosa),0,1,#7F007F,aeruginosa
sid-39(aeruginosa),Partial-s39-r(3):b194(aeruginosa),0,1,#7F007F,aeruginosa
sid-39(aeruginosa),Partial-s39-r(3):b194(aeruginosa),0,1,#7F007F,aeruginosa
Partial-s39-r(2):b195(aeruginosa),sid-39(aeruginosa),1,2,#000000,aeruginosa
sid-39(aeruginosa),Partial-s39-r(2):b195(aeruginosa),0,1,#7F007F,aeruginosa
sid-80(aeruginosa),Partial-s39-r(2):b195(aeruginosa),0,1,#808000,aeruginosa
Partial-s39-r(2):b196(aeruginosa),sid-39(aeruginosa),1,2,#000000,aeruginosa
sid-39(aeruginosa),Partial-s39-r(2):b196(aeruginosa),0,1,#7F007F,aeruginosa
sid-91(aeruginosa),Partial-s39-r(2):b196(aeruginosa),0,1,#FF00FF,aeruginosa
Pure-s91:b396(aeruginosa),sid-91(aeruginosa),1,127,#000000,aeruginosa
sid-91(aeruginosa),Pure-s91:b396(aeruginosa),0,1,#FF00FF,aeruginosa
sid-1(fluorescens),Cheater-r(3):b12(fluorescens),0,1,#191970,fluorescens
sid-6(fluorescens),Cheater-r(3):b12(fluorescens),0,1,#BFBFBF,fluorescens
sid-94(fluorescens),Cheater-r(3):b12(fluorescens),0,1,#7FFF00,fluorescens
sid-1(fluorescens),Cheater-r(2):b23(fluorescens),0,1,#191970,fluorescens
sid-94(fluorescens),Cheater-r(2):b23(fluorescens),0,1,#7FFF00,fluorescens
sid-6(fluorescens),Cheater-r(1):b45(fluorescens),0,1,#BFBFBF,fluorescens
sid-77(fluorescens),Cheater-r(5):b103(fluorescens),0,1,#BFBFBF,fluorescens
sid-90(fluorescens),Cheater-r(5):b103(fluorescens),0,1,#0000CD,fluorescens
sid-91(fluorescens),Cheater-r(5):b103(fluorescens),0,1,#FF00FF,fluorescens
sid-91(fluorescens),Cheater-r(5):b103(fluorescens),0,1,#FF00FF,fluorescens
sid-91(fluorescens),Cheater-r(5):b103(fluorescens),0,1,#FF00FF,fluorescens
sid-90(fluorescens),Cheater-r(1):b109(fluorescens),0,1,#0000CD,fluorescens
Partial-s3-r(2):b124(fluorescens),sid-3(fluorescens),1,2,#000000,fluorescens
sid-1(fluorescens),Partial-s3-r(2):b124(fluorescens),0,1,#191970,fluorescens
sid-3(fluorescens),Partial-s3-r(2):b124(fluorescens),0,1,#FF0000,fluorescens
Partial-s3-r(5):b128(fluorescens),sid-3(fluorescens),1,1,#000000,fluorescens
sid-1(fluorescens),Partial-s3-r(5):b128(fluorescens),0,1,#191970,fluorescens
sid-3(fluorescens),Partial-s3-r(5):b128(fluorescens),0,1,#FF0000,fluorescens
sid-36(fluorescens),Partial-s3-r(5):b128(fluorescens),0,1,#DDA0DD,fluorescens
sid-90(fluorescens),Partial-s3-r(5):b128(fluorescens),0,1,#0000CD,fluorescens
sid-94(fluorescens),Partial-s3-r(5):b128(fluorescens),0,1,#7FFF00,fluorescens
Partial-s3-r(4):b130(fluorescens),sid-3(fluorescens),1,1,#000000,fluorescens
sid-1(fluorescens),Partial-s3-r(4):b130(fluorescens),0,1,#191970,fluorescens
sid-3(fluorescens),Partial-s3-r(4):b130(fluorescens),0,1,#FF0000,fluorescens
sid-90(fluorescens),Partial-s3-r(4):b130(fluorescens),0,1,#0000CD,fluorescens
sid-94(fluorescens),Partial-s3-r(4):b130(fluorescens),0,1,#7FFF00,fluorescens
Pure-s3:b131(fluorescens),sid-3(fluorescens),1,3,#000000,fluorescens
sid-3(fluorescens),Pure-s3:b131(fluorescens),0,1,#FF0000,fluorescens
Partial-s3-r(3):b133(fluorescens),sid-3(fluorescens),1,1,#000000,fluorescens
sid-3(fluorescens),Partial-s3-r(3):b133(fluorescens),0,1,#FF0000,fluorescens
sid-4(fluorescens),Partial-s3-r(3):b133(fluorescens),0,1,#BFBFBF,fluorescens
sid-94(fluorescens),Partial-s3-r(3):b133(fluorescens),0,1,#7FFF00,fluorescens
Partial-s3-r(2):b138(fluorescens),sid-3(fluorescens),1,1,#000000,fluorescens
sid-3(fluorescens),Partial-s3-r(2):b138(fluorescens),0,1,#FF0000,fluorescens
sid-94(fluorescens),Partial-s3-r(2):b138(fluorescens),0,1,#7FFF00,fluorescens
Pure-s35:b163(fluorescens),sid-35(fluorescens),1,1,#000000,fluorescens
sid-35(fluorescens),Pure-s35:b163(fluorescens),0,1,#00FFFF,fluorescens
Partial-s36-r(2):b173(fluorescens),sid-36(fluorescens),1,2,#000000,fluorescens
sid-1(fluorescens),Partial-s36-r(2):b173(fluorescens),0,1,#191970,fluorescens
sid-36(fluorescens),Partial-s36-r(2):b173(fluorescens),0,1,#DDA0DD,fluorescens
Partial-s36-r(3):b174(fluorescens),sid-36(fluorescens),1,3,#000000,fluorescens
sid-1(fluorescens),Partial-s36-r(3):b174(fluorescens),0,1,#191970,fluorescens
sid-36(fluorescens),Partial-s36-r(3):b174(fluorescens),0,1,#DDA0DD,fluorescens
sid-90(fluorescens),Partial-s36-r(3):b174(fluorescens),0,1,#0000CD,fluorescens
Partial-s36-r(3):b177(fluorescens),sid-36(fluorescens),1,1,#000000,fluorescens
sid-4(fluorescens),Partial-s36-r(3):b177(fluorescens),0,1,#BFBFBF,fluorescens
sid-36(fluorescens),Partial-s36-r(3):b177(fluorescens),0,1,#DDA0DD,fluorescens
sid-94(fluorescens),Partial-s36-r(3):b177(fluorescens),0,1,#7FFF00,fluorescens
Pure-s36:b179(fluorescens),sid-36(fluorescens),1,5,#000000,fluorescens
sid-36(fluorescens),Pure-s36:b179(fluorescens),0,1,#DDA0DD,fluorescens
Partial-s36-r(2):b180(fluorescens),sid-36(fluorescens),1,5,#000000,fluorescens
sid-36(fluorescens),Partial-s36-r(2):b180(fluorescens),0,1,#DDA0DD,fluorescens
sid-90(fluorescens),Partial-s36-r(2):b180(fluorescens),0,1,#0000CD,fluorescens
Partial-s36-r(2):b182(fluorescens),sid-36(fluorescens),1,2,#000000,fluorescens
sid-36(fluorescens),Partial-s36-r(2):b182(fluorescens),0,1,#DDA0DD,fluorescens
sid-94(fluorescens),Partial-s36-r(2):b182(fluorescens),0,1,#7FFF00,fluorescens
Pure-s37:b183(fluorescens),sid-37(fluorescens),1,3,#000000,fluorescens
sid-37(fluorescens),Pure-s37:b183(fluorescens),0,1,#00BFFF,fluorescens
Partial-s45-r(11):b197(fluorescens),sid-45(fluorescens),1,1,#000000,fluorescens
sid-2(fluorescens),Partial-s45-r(11):b197(fluorescens),0,1,#FFFF54,fluorescens
sid-3(fluorescens),Partial-s45-r(11):b197(fluorescens),0,1,#FF0000,fluorescens
sid-3(fluorescens),Partial-s45-r(11):b197(fluorescens),0,1,#FF0000,fluorescens
sid-36(fluorescens),Partial-s45-r(11):b197(fluorescens),0,1,#DDA0DD,fluorescens
sid-45(fluorescens),Partial-s45-r(11):b197(fluorescens),0,1,#BFBFBF,fluorescens
sid-45(fluorescens),Partial-s45-r(11):b197(fluorescens),0,1,#BFBFBF,fluorescens
sid-45(fluorescens),Partial-s45-r(11):b197(fluorescens),0,1,#BFBFBF,fluorescens
sid-69(fluorescens),Partial-s45-r(11):b197(fluorescens),0,1,#BFBFBF,fluorescens
sid-81(fluorescens),Partial-s45-r(11):b197(fluorescens),0,1,#BFBFBF,fluorescens
sid-90(fluorescens),Partial-s45-r(11):b197(fluorescens),0,1,#0000CD,fluorescens
sid-94(fluorescens),Partial-s45-r(11):b197(fluorescens),0,1,#7FFF00,fluorescens
Partial-s45-r(11):b201(fluorescens),sid-45(fluorescens),1,1,#000000,fluorescens
sid-2(fluorescens),Partial-s45-r(11):b201(fluorescens),0,1,#FFFF54,fluorescens
sid-3(fluorescens),Partial-s45-r(11):b201(fluorescens),0,1,#FF0000,fluorescens
sid-3(fluorescens),Partial-s45-r(11):b201(fluorescens),0,1,#FF0000,fluorescens
sid-36(fluorescens),Partial-s45-r(11):b201(fluorescens),0,1,#DDA0DD,fluorescens
sid-45(fluorescens),Partial-s45-r(11):b201(fluorescens),0,1,#BFBFBF,fluorescens
sid-45(fluorescens),Partial-s45-r(11):b201(fluorescens),0,1,#BFBFBF,fluorescens
sid-69(fluorescens),Partial-s45-r(11):b201(fluorescens),0,1,#BFBFBF,fluorescens
sid-81(fluorescens),Partial-s45-r(11):b201(fluorescens),0,1,#BFBFBF,fluorescens
sid-90(fluorescens),Partial-s45-r(11):b201(fluorescens),0,1,#0000CD,fluorescens
sid-91(fluorescens),Partial-s45-r(11):b201(fluorescens),0,1,#FF00FF,fluorescens
sid-94(fluorescens),Partial-s45-r(11):b201(fluorescens),0,1,#7FFF00,fluorescens
Partial-s45-r(11):b202(fluorescens),sid-45(fluorescens),1,1,#000000,fluorescens
sid-2(fluorescens),Partial-s45-r(11):b202(fluorescens),0,1,#FFFF54,fluorescens
sid-3(fluorescens),Partial-s45-r(11):b202(fluorescens),0,1,#FF0000,fluorescens
sid-3(fluorescens),Partial-s45-r(11):b202(fluorescens),0,1,#FF0000,fluorescens
sid-36(fluorescens),Partial-s45-r(11):b202(fluorescens),0,1,#DDA0DD,fluorescens
sid-45(fluorescens),Partial-s45-r(11):b202(fluorescens),0,1,#BFBFBF,fluorescens
sid-45(fluorescens),Partial-s45-r(11):b202(fluorescens),0,1,#BFBFBF,fluorescens
sid-70(fluorescens),Partial-s45-r(11):b202(fluorescens),0,1,#00FA9A,fluorescens
sid-72(fluorescens),Partial-s45-r(11):b202(fluorescens),0,1,#4169E1,fluorescens
sid-90(fluorescens),Partial-s45-r(11):b202(fluorescens),0,1,#0000CD,fluorescens
sid-91(fluorescens),Partial-s45-r(11):b202(fluorescens),0,1,#FF00FF,fluorescens
sid-94(fluorescens),Partial-s45-r(11):b202(fluorescens),0,1,#7FFF00,fluorescens
Partial-s45-r(15):b203(fluorescens),sid-45(fluorescens),1,1,#000000,fluorescens
sid-2(fluorescens),Partial-s45-r(15):b203(fluorescens),0,1,#FFFF54,fluorescens
sid-3(fluorescens),Partial-s45-r(15):b203(fluorescens),0,1,#FF0000,fluorescens
sid-3(fluorescens),Partial-s45-r(15):b203(fluorescens),0,1,#FF0000,fluorescens
sid-36(fluorescens),Partial-s45-r(15):b203(fluorescens),0,1,#DDA0DD,fluorescens
sid-45(fluorescens),Partial-s45-r(15):b203(fluorescens),0,1,#BFBFBF,fluorescens
sid-69(fluorescens),Partial-s45-r(15):b203(fluorescens),0,1,#BFBFBF,fluorescens
sid-70(fluorescens),Partial-s45-r(15):b203(fluorescens),0,1,#00FA9A,fluorescens
sid-72(fluorescens),Partial-s45-r(15):b203(fluorescens),0,1,#4169E1,fluorescens
sid-81(fluorescens),Partial-s45-r(15):b203(fluorescens),0,1,#BFBFBF,fluorescens
sid-84(fluorescens),Partial-s45-r(15):b203(fluorescens),0,1,#BFBFBF,fluorescens
sid-90(fluorescens),Partial-s45-r(15):b203(fluorescens),0,1,#0000CD,fluorescens
sid-91(fluorescens),Partial-s45-r(15):b203(fluorescens),0,1,#FF00FF,fluorescens
sid-91(fluorescens),Partial-s45-r(15):b203(fluorescens),0,1,#FF00FF,fluorescens
sid-91(fluorescens),Partial-s45-r(15):b203(fluorescens),0,1,#FF00FF,fluorescens
sid-91(fluorescens),Partial-s45-r(15):b203(fluorescens),0,1,#FF00FF,fluorescens
Partial-s69-r(15):b238(fluorescens),sid-69(fluorescens),1,1,#000000,fluorescens
sid-2(fluorescens),Partial-s69-r(15):b238(fluorescens),0,1,#FFFF54,fluorescens
sid-3(fluorescens),Partial-s69-r(15):b238(fluorescens),0,1,#FF0000,fluorescens
sid-3(fluorescens),Partial-s69-r(15):b238(fluorescens),0,1,#FF0000,fluorescens
sid-36(fluorescens),Partial-s69-r(15):b238(fluorescens),0,1,#DDA0DD,fluorescens
sid-45(fluorescens),Partial-s69-r(15):b238(fluorescens),0,1,#BFBFBF,fluorescens
sid-69(fluorescens),Partial-s69-r(15):b238(fluorescens),0,1,#BFBFBF,fluorescens
sid-70(fluorescens),Partial-s69-r(15):b238(fluorescens),0,1,#00FA9A,fluorescens
sid-72(fluorescens),Partial-s69-r(15):b238(fluorescens),0,1,#4169E1,fluorescens
sid-81(fluorescens),Partial-s69-r(15):b238(fluorescens),0,1,#BFBFBF,fluorescens
sid-90(fluorescens),Partial-s69-r(15):b238(fluorescens),0,1,#0000CD,fluorescens
sid-91(fluorescens),Partial-s69-r(15):b238(fluorescens),0,1,#FF00FF,fluorescens
sid-91(fluorescens),Partial-s69-r(15):b238(fluorescens),0,1,#FF00FF,fluorescens
sid-91(fluorescens),Partial-s69-r(15):b238(fluorescens),0,1,#FF00FF,fluorescens
sid-91(fluorescens),Partial-s69-r(15):b238(fluorescens),0,1,#FF00FF,fluorescens
sid-94(fluorescens),Partial-s69-r(15):b238(fluorescens),0,1,#7FFF00,fluorescens
Partial-s72-r(4):b245(fluorescens),sid-72(fluorescens),1,1,#000000,fluorescens
sid-1(fluorescens),Partial-s72-r(4):b245(fluorescens),0,1,#191970,fluorescens
sid-36(fluorescens),Partial-s72-r(4):b245(fluorescens),0,1,#DDA0DD,fluorescens
sid-72(fluorescens),Partial-s72-r(4):b245(fluorescens),0,1,#4169E1,fluorescens
sid-90(fluorescens),Partial-s72-r(4):b245(fluorescens),0,1,#0000CD,fluorescens
Partial-s72-r(2):b249(fluorescens),sid-72(fluorescens),1,1,#000000,fluorescens
sid-2(fluorescens),Partial-s72-r(2):b249(fluorescens),0,1,#FFFF54,fluorescens
sid-72(fluorescens),Partial-s72-r(2):b249(fluorescens),0,1,#4169E1,fluorescens
Partial-s72-r(5):b250(fluorescens),sid-72(fluorescens),1,1,#000000,fluorescens
sid-3(fluorescens),Partial-s72-r(5):b250(fluorescens),0,1,#FF0000,fluorescens
sid-36(fluorescens),Partial-s72-r(5):b250(fluorescens),0,1,#DDA0DD,fluorescens
sid-72(fluorescens),Partial-s72-r(5):b250(fluorescens),0,1,#4169E1,fluorescens
sid-86(fluorescens),Partial-s72-r(5):b250(fluorescens),0,1,#BFBFBF,fluorescens
sid-90(fluorescens),Partial-s72-r(5):b250(fluorescens),0,1,#0000CD,fluorescens
Partial-s72-r(6):b251(fluorescens),sid-72(fluorescens),1,2,#000000,fluorescens
sid-3(fluorescens),Partial-s72-r(6):b251(fluorescens),0,1,#FF0000,fluorescens
sid-36(fluorescens),Partial-s72-r(6):b251(fluorescens),0,1,#DDA0DD,fluorescens
sid-72(fluorescens),Partial-s72-r(6):b251(fluorescens),0,1,#4169E1,fluorescens
sid-91(fluorescens),Partial-s72-r(6):b251(fluorescens),0,1,#FF00FF,fluorescens
sid-91(fluorescens),Partial-s72-r(6):b251(fluorescens),0,1,#FF00FF,fluorescens
sid-94(fluorescens),Partial-s72-r(6):b251(fluorescens),0,1,#7FFF00,fluorescens
Pure-s72:b256(fluorescens),sid-72(fluorescens),1,1,#000000,fluorescens
sid-72(fluorescens),Pure-s72:b256(fluorescens),0,1,#4169E1,fluorescens
Partial-s77-r(6):b270(fluorescens),sid-77(fluorescens),1,1,#000000,fluorescens
sid-2(fluorescens),Partial-s77-r(6):b270(fluorescens),0,1,#FFFF54,fluorescens
sid-77(fluorescens),Partial-s77-r(6):b270(fluorescens),0,1,#BFBFBF,fluorescens
sid-90(fluorescens),Partial-s77-r(6):b270(fluorescens),0,1,#0000CD,fluorescens
sid-91(fluorescens),Partial-s77-r(6):b270(fluorescens),0,1,#FF00FF,fluorescens
sid-91(fluorescens),Partial-s77-r(6):b270(fluorescens),0,1,#FF00FF,fluorescens
sid-94(fluorescens),Partial-s77-r(6):b270(fluorescens),0,1,#7FFF00,fluorescens
Partial-s81-r(5):b287(fluorescens),sid-81(fluorescens),1,1,#000000,fluorescens
sid-3(fluorescens),Partial-s81-r(5):b287(fluorescens),0,1,#FF0000,fluorescens
sid-68(fluorescens),Partial-s81-r(5):b287(fluorescens),0,1,#F08080,fluorescens
sid-81(fluorescens),Partial-s81-r(5):b287(fluorescens),0,1,#BFBFBF,fluorescens
sid-90(fluorescens),Partial-s81-r(5):b287(fluorescens),0,1,#0000CD,fluorescens
sid-94(fluorescens),Partial-s81-r(5):b287(fluorescens),0,1,#7FFF00,fluorescens
Partial-s81-r(11):b292(fluorescens),sid-81(fluorescens),1,1,#000000,fluorescens
sid-26(fluorescens),Partial-s81-r(11):b292(fluorescens),0,1,#BFBFBF,fluorescens
sid-36(fluorescens),Partial-s81-r(11):b292(fluorescens),0,1,#DDA0DD,fluorescens
sid-69(fluorescens),Partial-s81-r(11):b292(fluorescens),0,1,#BFBFBF,fluorescens
sid-72(fluorescens),Partial-s81-r(11):b292(fluorescens),0,1,#4169E1,fluorescens
sid-81(fluorescens),Partial-s81-r(11):b292(fluorescens),0,1,#BFBFBF,fluorescens
sid-86(fluorescens),Partial-s81-r(11):b292(fluorescens),0,1,#BFBFBF,fluorescens
sid-91(fluorescens),Partial-s81-r(11):b292(fluorescens),0,1,#FF00FF,fluorescens
sid-91(fluorescens),Partial-s81-r(11):b292(fluorescens),0,1,#FF00FF,fluorescens
sid-91(fluorescens),Partial-s81-r(11):b292(fluorescens),0,1,#FF00FF,fluorescens
sid-94(fluorescens),Partial-s81-r(11):b292(fluorescens),0,1,#7FFF00,fluorescens
Partial-s81-r(3):b293(fluorescens),sid-81(fluorescens),1,2,#000000,fluorescens
sid-81(fluorescens),Partial-s81-r(3):b293(fluorescens),0,1,#BFBFBF,fluorescens
sid-90(fluorescens),Partial-s81-r(3):b293(fluorescens),0,1,#0000CD,fluorescens
sid-94(fluorescens),Partial-s81-r(3):b293(fluorescens),0,1,#7FFF00,fluorescens
Partial-s90-r(5):b309(fluorescens),sid-90(fluorescens),1,1,#000000,fluorescens
sid-2(fluorescens),Partial-s90-r(5):b309(fluorescens),0,1,#FFFF54,fluorescens
sid-3(fluorescens),Partial-s90-r(5):b309(fluorescens),0,1,#FF0000,fluorescens
sid-36(fluorescens),Partial-s90-r(5):b309(fluorescens),0,1,#DDA0DD,fluorescens
sid-90(fluorescens),Partial-s90-r(5):b309(fluorescens),0,1,#0000CD,fluorescens
sid-94(fluorescens),Partial-s90-r(5):b309(fluorescens),0,1,#7FFF00,fluorescens
Partial-s90-r(5):b313(fluorescens),sid-90(fluorescens),1,1,#000000,fluorescens
sid-3(fluorescens),Partial-s90-r(5):b313(fluorescens),0,1,#FF0000,fluorescens
sid-36(fluorescens),Partial-s90-r(5):b313(fluorescens),0,1,#DDA0DD,fluorescens
sid-72(fluorescens),Partial-s90-r(5):b313(fluorescens),0,1,#4169E1,fluorescens
sid-90(fluorescens),Partial-s90-r(5):b313(fluorescens),0,1,#0000CD,fluorescens
sid-92(fluorescens),Partial-s90-r(5):b313(fluorescens),0,1,#FF8C00,fluorescens
Partial-s90-r(3):b314(fluorescens),sid-90(fluorescens),1,3,#000000,fluorescens
sid-3(fluorescens),Partial-s90-r(3):b314(fluorescens),0,1,#FF0000,fluorescens
sid-36(fluorescens),Partial-s90-r(3):b314(fluorescens),0,1,#DDA0DD,fluorescens
sid-90(fluorescens),Partial-s90-r(3):b314(fluorescens),0,1,#0000CD,fluorescens
Partial-s90-r(4):b315(fluorescens),sid-90(fluorescens),1,1,#000000,fluorescens
sid-3(fluorescens),Partial-s90-r(4):b315(fluorescens),0,1,#FF0000,fluorescens
sid-36(fluorescens),Partial-s90-r(4):b315(fluorescens),0,1,#DDA0DD,fluorescens
sid-90(fluorescens),Partial-s90-r(4):b315(fluorescens),0,1,#0000CD,fluorescens
sid-94(fluorescens),Partial-s90-r(4):b315(fluorescens),0,1,#7FFF00,fluorescens
Partial-s90-r(3):b317(fluorescens),sid-90(fluorescens),1,1,#000000,fluorescens
sid-3(fluorescens),Partial-s90-r(3):b317(fluorescens),0,1,#FF0000,fluorescens
sid-90(fluorescens),Partial-s90-r(3):b317(fluorescens),0,1,#0000CD,fluorescens
sid-94(fluorescens),Partial-s90-r(3):b317(fluorescens),0,1,#7FFF00,fluorescens
Partial-s90-r(3):b321(fluorescens),sid-90(fluorescens),1,1,#000000,fluorescens
sid-36(fluorescens),Partial-s90-r(3):b321(fluorescens),0,1,#DDA0DD,fluorescens
sid-72(fluorescens),Partial-s90-r(3):b321(fluorescens),0,1,#4169E1,fluorescens
sid-90(fluorescens),Partial-s90-r(3):b321(fluorescens),0,1,#0000CD,fluorescens
Partial-s90-r(2):b322(fluorescens),sid-90(fluorescens),1,2,#000000,fluorescens
sid-36(fluorescens),Partial-s90-r(2):b322(fluorescens),0,1,#DDA0DD,fluorescens
sid-90(fluorescens),Partial-s90-r(2):b322(fluorescens),0,1,#0000CD,fluorescens
Partial-s90-r(3):b324(fluorescens),sid-90(fluorescens),1,2,#000000,fluorescens
sid-36(fluorescens),Partial-s90-r(3):b324(fluorescens),0,1,#DDA0DD,fluorescens
sid-90(fluorescens),Partial-s90-r(3):b324(fluorescens),0,1,#0000CD,fluorescens
sid-94(fluorescens),Partial-s90-r(3):b324(fluorescens),0,1,#7FFF00,fluorescens
Pure-s90:b331(fluorescens),sid-90(fluorescens),1,6,#000000,fluorescens
sid-90(fluorescens),Pure-s90:b331(fluorescens),0,1,#0000CD,fluorescens
Partial-s90-r(4):b333(fluorescens),sid-90(fluorescens),1,3,#000000,fluorescens
sid-90(fluorescens),Partial-s90-r(4):b333(fluorescens),0,1,#0000CD,fluorescens
sid-91(fluorescens),Partial-s90-r(4):b333(fluorescens),0,1,#FF00FF,fluorescens
sid-91(fluorescens),Partial-s90-r(4):b333(fluorescens),0,1,#FF00FF,fluorescens
sid-94(fluorescens),Partial-s90-r(4):b333(fluorescens),0,1,#7FFF00,fluorescens
Partial-s91-r(12):b337(fluorescens),sid-91(fluorescens),1,1,#000000,fluorescens
sid-1(fluorescens),Partial-s91-r(12):b337(fluorescens),0,1,#191970,fluorescens
sid-2(fluorescens),Partial-s91-r(12):b337(fluorescens),0,1,#FFFF54,fluorescens
sid-3(fluorescens),Partial-s91-r(12):b337(fluorescens),0,1,#FF0000,fluorescens
sid-3(fluorescens),Partial-s91-r(12):b337(fluorescens),0,1,#FF0000,fluorescens
sid-6(fluorescens),Partial-s91-r(12):b337(fluorescens),0,1,#BFBFBF,fluorescens
sid-58(fluorescens),Partial-s91-r(12):b337(fluorescens),0,1,#BFBFBF,fluorescens
sid-72(fluorescens),Partial-s91-r(12):b337(fluorescens),0,1,#4169E1,fluorescens
sid-77(fluorescens),Partial-s91-r(12):b337(fluorescens),0,1,#BFBFBF,fluorescens
sid-90(fluorescens),Partial-s91-r(12):b337(fluorescens),0,1,#0000CD,fluorescens
sid-91(fluorescens),Partial-s91-r(12):b337(fluorescens),0,1,#FF00FF,fluorescens
sid-94(fluorescens),Partial-s91-r(12):b337(fluorescens),0,1,#7FFF00,fluorescens
Partial-s91-r(6):b345(fluorescens),sid-91(fluorescens),1,2,#000000,fluorescens
sid-1(fluorescens),Partial-s91-r(6):b345(fluorescens),0,1,#191970,fluorescens
sid-2(fluorescens),Partial-s91-r(6):b345(fluorescens),0,1,#FFFF54,fluorescens
sid-3(fluorescens),Partial-s91-r(6):b345(fluorescens),0,1,#FF0000,fluorescens
sid-90(fluorescens),Partial-s91-r(6):b345(fluorescens),0,1,#0000CD,fluorescens
sid-91(fluorescens),Partial-s91-r(6):b345(fluorescens),0,1,#FF00FF,fluorescens
sid-94(fluorescens),Partial-s91-r(6):b345(fluorescens),0,1,#7FFF00,fluorescens
Partial-s91-r(5):b356(fluorescens),sid-91(fluorescens),1,1,#000000,fluorescens
sid-1(fluorescens),Partial-s91-r(5):b356(fluorescens),0,1,#191970,fluorescens
sid-2(fluorescens),Partial-s91-r(5):b356(fluorescens),0,1,#FFFF54,fluorescens
sid-37(fluorescens),Partial-s91-r(5):b356(fluorescens),0,1,#00BFFF,fluorescens
sid-90(fluorescens),Partial-s91-r(5):b356(fluorescens),0,1,#0000CD,fluorescens
sid-91(fluorescens),Partial-s91-r(5):b356(fluorescens),0,1,#FF00FF,fluorescens
Partial-s91-r(6):b367(fluorescens),sid-91(fluorescens),1,1,#000000,fluorescens
sid-1(fluorescens),Partial-s91-r(6):b367(fluorescens),0,1,#191970,fluorescens
sid-3(fluorescens),Partial-s91-r(6):b367(fluorescens),0,1,#FF0000,fluorescens
sid-37(fluorescens),Partial-s91-r(6):b367(fluorescens),0,1,#00BFFF,fluorescens
sid-91(fluorescens),Partial-s91-r(6):b367(fluorescens),0,1,#FF00FF,fluorescens
sid-94(fluorescens),Partial-s91-r(6):b367(fluorescens),0,1,#7FFF00,fluorescens
Partial-s91-r(8):b368(fluorescens),sid-91(fluorescens),1,1,#000000,fluorescens
sid-1(fluorescens),Partial-s91-r(8):b368(fluorescens),0,1,#191970,fluorescens
sid-3(fluorescens),Partial-s91-r(8):b368(fluorescens),0,1,#FF0000,fluorescens
sid-37(fluorescens),Partial-s91-r(8):b368(fluorescens),0,1,#00BFFF,fluorescens
sid-69(fluorescens),Partial-s91-r(8):b368(fluorescens),0,1,#BFBFBF,fluorescens
sid-72(fluorescens),Partial-s91-r(8):b368(fluorescens),0,1,#4169E1,fluorescens
sid-90(fluorescens),Partial-s91-r(8):b368(fluorescens),0,1,#0000CD,fluorescens
sid-91(fluorescens),Partial-s91-r(8):b368(fluorescens),0,1,#FF00FF,fluorescens
sid-94(fluorescens),Partial-s91-r(8):b368(fluorescens),0,1,#7FFF00,fluorescens
Partial-s91-r(5):b371(fluorescens),sid-91(fluorescens),1,1,#000000,fluorescens
sid-1(fluorescens),Partial-s91-r(5):b371(fluorescens),0,1,#191970,fluorescens
sid-3(fluorescens),Partial-s91-r(5):b371(fluorescens),0,1,#FF0000,fluorescens
sid-37(fluorescens),Partial-s91-r(5):b371(fluorescens),0,1,#00BFFF,fluorescens
sid-91(fluorescens),Partial-s91-r(5):b371(fluorescens),0,1,#FF00FF,fluorescens
sid-94(fluorescens),Partial-s91-r(5):b371(fluorescens),0,1,#7FFF00,fluorescens
Partial-s91-r(3):b373(fluorescens),sid-91(fluorescens),1,1,#000000,fluorescens
sid-1(fluorescens),Partial-s91-r(3):b373(fluorescens),0,1,#191970,fluorescens
sid-3(fluorescens),Partial-s91-r(3):b373(fluorescens),0,1,#FF0000,fluorescens
sid-91(fluorescens),Partial-s91-r(3):b373(fluorescens),0,1,#FF00FF,fluorescens
Partial-s91-r(4):b374(fluorescens),sid-91(fluorescens),1,7,#000000,fluorescens
sid-1(fluorescens),Partial-s91-r(4):b374(fluorescens),0,1,#191970,fluorescens
sid-3(fluorescens),Partial-s91-r(4):b374(fluorescens),0,1,#FF0000,fluorescens
sid-91(fluorescens),Partial-s91-r(4):b374(fluorescens),0,1,#FF00FF,fluorescens
sid-94(fluorescens),Partial-s91-r(4):b374(fluorescens),0,1,#7FFF00,fluorescens
Partial-s91-r(3):b394(fluorescens),sid-91(fluorescens),1,2,#000000,fluorescens
sid-72(fluorescens),Partial-s91-r(3):b394(fluorescens),0,1,#4169E1,fluorescens
sid-91(fluorescens),Partial-s91-r(3):b394(fluorescens),0,1,#FF00FF,fluorescens
sid-94(fluorescens),Partial-s91-r(3):b394(fluorescens),0,1,#7FFF00,fluorescens
Pure-s91:b396(fluorescens),sid-91(fluorescens),1,5,#000000,fluorescens
sid-91(fluorescens),Pure-s91:b396(fluorescens),0,1,#FF00FF,fluorescens
Partial-s92-r(6):b398(fluorescens),sid-92(fluorescens),1,3,#000000,fluorescens
sid-2(fluorescens),Partial-s92-r(6):b398(fluorescens),0,1,#FFFF54,fluorescens
sid-3(fluorescens),Partial-s92-r(6):b398(fluorescens),0,1,#FF0000,fluorescens
sid-36(fluorescens),Partial-s92-r(6):b398(fluorescens),0,1,#DDA0DD,fluorescens
sid-90(fluorescens),Partial-s92-r(6):b398(fluorescens),0,1,#0000CD,fluorescens
sid-92(fluorescens),Partial-s92-r(6):b398(fluorescens),0,1,#FF8C00,fluorescens
sid-94(fluorescens),Partial-s92-r(6):b398(fluorescens),0,1,#7FFF00,fluorescens
Partial-s92-r(5):b399(fluorescens),sid-92(fluorescens),1,1,#000000,fluorescens
sid-2(fluorescens),Partial-s92-r(5):b399(fluorescens),0,1,#FFFF54,fluorescens
sid-36(fluorescens),Partial-s92-r(5):b399(fluorescens),0,1,#DDA0DD,fluorescens
sid-72(fluorescens),Partial-s92-r(5):b399(fluorescens),0,1,#4169E1,fluorescens
sid-90(fluorescens),Partial-s92-r(5):b399(fluorescens),0,1,#0000CD,fluorescens
sid-92(fluorescens),Partial-s92-r(5):b399(fluorescens),0,1,#FF8C00,fluorescens
Partial-s92-r(4):b402(fluorescens),sid-92(fluorescens),1,1,#000000,fluorescens
sid-3(fluorescens),Partial-s92-r(4):b402(fluorescens),0,1,#FF0000,fluorescens
sid-36(fluorescens),Partial-s92-r(4):b402(fluorescens),0,1,#DDA0DD,fluorescens
sid-90(fluorescens),Partial-s92-r(4):b402(fluorescens),0,1,#0000CD,fluorescens
sid-92(fluorescens),Partial-s92-r(4):b402(fluorescens),0,1,#FF8C00,fluorescens
Partial-s92-r(4):b407(fluorescens),sid-92(fluorescens),1,1,#000000,fluorescens
sid-36(fluorescens),Partial-s92-r(4):b407(fluorescens),0,1,#DDA0DD,fluorescens
sid-90(fluorescens),Partial-s92-r(4):b407(fluorescens),0,1,#0000CD,fluorescens
sid-92(fluorescens),Partial-s92-r(4):b407(fluorescens),0,1,#FF8C00,fluorescens
sid-94(fluorescens),Partial-s92-r(4):b407(fluorescens),0,1,#7FFF00,fluorescens
Partial-s92-r(2):b409(fluorescens),sid-92(fluorescens),1,6,#000000,fluorescens
sid-90(fluorescens),Partial-s92-r(2):b409(fluorescens),0,1,#0000CD,fluorescens
sid-92(fluorescens),Partial-s92-r(2):b409(fluorescens),0,1,#FF8C00,fluorescens
Partial-s92-r(3):b410(fluorescens),sid-92(fluorescens),1,2,#000000,fluorescens
sid-90(fluorescens),Partial-s92-r(3):b410(fluorescens),0,1,#0000CD,fluorescens
sid-92(fluorescens),Partial-s92-r(3):b410(fluorescens),0,1,#FF8C00,fluorescens
sid-94(fluorescens),Partial-s92-r(3):b410(fluorescens),0,1,#7FFF00,fluorescens
Pure-s92:b411(fluorescens),sid-92(fluorescens),1,5,#000000,fluorescens
sid-92(fluorescens),Pure-s92:b411(fluorescens),0,1,#FF8C00,fluorescens
Partial-s94-r(5):b416(fluorescens),sid-94(fluorescens),1,1,#000000,fluorescens
sid-1(fluorescens),Partial-s94-r(5):b416(fluorescens),0,1,#191970,fluorescens
sid-36(fluorescens),Partial-s94-r(5):b416(fluorescens),0,1,#DDA0DD,fluorescens
sid-72(fluorescens),Partial-s94-r(5):b416(fluorescens),0,1,#4169E1,fluorescens
sid-90(fluorescens),Partial-s94-r(5):b416(fluorescens),0,1,#0000CD,fluorescens
sid-94(fluorescens),Partial-s94-r(5):b416(fluorescens),0,1,#7FFF00,fluorescens
Partial-s94-r(2):b418(fluorescens),sid-94(fluorescens),1,8,#000000,fluorescens
sid-1(fluorescens),Partial-s94-r(2):b418(fluorescens),0,1,#191970,fluorescens
sid-94(fluorescens),Partial-s94-r(2):b418(fluorescens),0,1,#7FFF00,fluorescens
Partial-s94-r(2):b420(fluorescens),sid-94(fluorescens),1,2,#000000,fluorescens
sid-36(fluorescens),Partial-s94-r(2):b420(fluorescens),0,1,#DDA0DD,fluorescens
sid-94(fluorescens),Partial-s94-r(2):b420(fluorescens),0,1,#7FFF00,fluorescens
Partial-s94-r(2):b421(fluorescens),sid-94(fluorescens),1,2,#000000,fluorescens
sid-90(fluorescens),Partial-s94-r(2):b421(fluorescens),0,1,#0000CD,fluorescens
sid-94(fluorescens),Partial-s94-r(2):b421(fluorescens),0,1,#7FFF00,fluorescens
Pure-s94:b422(fluorescens),sid-94(fluorescens),1,7,#000000,fluorescens
sid-94(fluorescens),Pure-s94:b422(fluorescens),0,1,#7FFF00,fluorescens
sid-2(syringae),Cheater-r(1):b24(syringae),0,1,#FFFF54,syringae
sid-35(syringae),Cheater-r(1):b81(syringae),0,1,#00FFFF,syringae
Partial-s1-r(8):b117(syringae),sid-1(syringae),1,1,#000000,syringae
sid-1(syringae),Partial-s1-r(8):b117(syringae),0,1,#191970,syringae
sid-2(syringae),Partial-s1-r(8):b117(syringae),0,1,#FFFF54,syringae
sid-7(syringae),Partial-s1-r(8):b117(syringae),0,1,#BFBFBF,syringae
sid-26(syringae),Partial-s1-r(8):b117(syringae),0,1,#BFBFBF,syringae
sid-36(syringae),Partial-s1-r(8):b117(syringae),0,1,#DDA0DD,syringae
sid-45(syringae),Partial-s1-r(8):b117(syringae),0,1,#BFBFBF,syringae
sid-90(syringae),Partial-s1-r(8):b117(syringae),0,1,#0000CD,syringae
sid-91(syringae),Partial-s1-r(8):b117(syringae),0,1,#FF00FF,syringae
Pure-s2:b118(syringae),sid-2(syringae),1,2,#000000,syringae
sid-2(syringae),Pure-s2:b118(syringae),0,1,#FFFF54,syringae
Partial-s24-r(7):b155(syringae),sid-24(syringae),1,1,#000000,syringae
sid-1(syringae),Partial-s24-r(7):b155(syringae),0,1,#191970,syringae
sid-2(syringae),Partial-s24-r(7):b155(syringae),0,1,#FFFF54,syringae
sid-24(syringae),Partial-s24-r(7):b155(syringae),0,1,#BFBFBF,syringae
sid-35(syringae),Partial-s24-r(7):b155(syringae),0,1,#00FFFF,syringae
sid-45(syringae),Partial-s24-r(7):b155(syringae),0,1,#BFBFBF,syringae
sid-80(syringae),Partial-s24-r(7):b155(syringae),0,1,#808000,syringae
sid-93(syringae),Partial-s24-r(7):b155(syringae),0,1,#BFBFBF,syringae
Partial-s35-r(2):b159(syringae),sid-35(syringae),1,39,#000000,syringae
sid-2(syringae),Partial-s35-r(2):b159(syringae),0,1,#FFFF54,syringae
sid-35(syringae),Partial-s35-r(2):b159(syringae),0,1,#00FFFF,syringae
Partial-s35-r(3):b161(syringae),sid-35(syringae),1,1,#000000,syringae
sid-7(syringae),Partial-s35-r(3):b161(syringae),0,1,#BFBFBF,syringae
sid-24(syringae),Partial-s35-r(3):b161(syringae),0,1,#BFBFBF,syringae
sid-35(syringae),Partial-s35-r(3):b161(syringae),0,1,#00FFFF,syringae
Partial-s35-r(2):b162(syringae),sid-35(syringae),1,1,#000000,syringae
sid-35(syringae),Partial-s35-r(2):b162(syringae),0,1,#00FFFF,syringae
Pure-s35:b163(syringae),sid-35(syringae),1,64,#000000,syringae
sid-35(syringae),Pure-s35:b163(syringae),0,1,#00FFFF,syringae
Partial-s36-r(2):b180(syringae),sid-36(syringae),1,1,#000000,syringae
sid-36(syringae),Partial-s36-r(2):b180(syringae),0,1,#DDA0DD,syringae
sid-90(syringae),Partial-s36-r(2):b180(syringae),0,1,#0000CD,syringae
Partial-s36-r(2):b182(syringae),sid-36(syringae),1,1,#000000,syringae
sid-36(syringae),Partial-s36-r(2):b182(syringae),0,1,#DDA0DD,syringae
sid-94(syringae),Partial-s36-r(2):b182(syringae),0,1,#7FFF00,syringae
sid-1(putida),Cheater-r(3):b13(putida),0,1,#191970,putida
sid-87(putida),Cheater-r(3):b13(putida),0,1,#BFBFBF,putida
Pure-s3:b131(putida),sid-3(putida),1,1,#000000,putida
sid-3(putida),Pure-s3:b131(putida),0,1,#FF0000,putida
Partial-s5-r(19):b143(putida),sid-5(putida),1,1,#000000,putida
sid-1(putida),Partial-s5-r(19):b143(putida),0,1,#191970,putida
sid-3(putida),Partial-s5-r(19):b143(putida),0,1,#FF0000,putida
sid-5(putida),Partial-s5-r(19):b143(putida),0,1,#BFBFBF,putida
sid-26(putida),Partial-s5-r(19):b143(putida),0,1,#BFBFBF,putida
sid-35(putida),Partial-s5-r(19):b143(putida),0,1,#00FFFF,putida
sid-35(putida),Partial-s5-r(19):b143(putida),0,1,#00FFFF,putida
sid-38(putida),Partial-s5-r(19):b143(putida),0,1,#BFBFBF,putida
sid-45(putida),Partial-s5-r(19):b143(putida),0,1,#BFBFBF,putida
sid-55(putida),Partial-s5-r(19):b143(putida),0,1,#BFBFBF,putida
sid-57(putida),Partial-s5-r(19):b143(putida),0,1,#BFBFBF,putida
sid-65(putida),Partial-s5-r(19):b143(putida),0,1,#BFBFBF,putida
sid-66(putida),Partial-s5-r(19):b143(putida),0,1,#BFBFBF,putida
sid-72(putida),Partial-s5-r(19):b143(putida),0,1,#4169E1,putida
sid-80(putida),Partial-s5-r(19):b143(putida),0,1,#808000,putida
sid-92(putida),Partial-s5-r(19):b143(putida),0,1,#FF8C00,putida
sid-94(putida),Partial-s5-r(19):b143(putida),0,1,#7FFF00,putida
Partial-s15-r(9):b146(putida),sid-15(putida),1,1,#000000,putida
sid-3(putida),Partial-s15-r(9):b146(putida),0,1,#FF0000,putida
sid-3(putida),Partial-s15-r(9):b146(putida),0,1,#FF0000,putida
sid-15(putida),Partial-s15-r(9):b146(putida),0,1,#BFBFBF,putida
sid-72(putida),Partial-s15-r(9):b146(putida),0,1,#4169E1,putida
sid-76(putida),Partial-s15-r(9):b146(putida),0,1,#2E8B57,putida
sid-90(putida),Partial-s15-r(9):b146(putida),0,1,#0000CD,putida
sid-91(putida),Partial-s15-r(9):b146(putida),0,1,#FF00FF,putida
sid-92(putida),Partial-s15-r(9):b146(putida),0,1,#FF8C00,putida
sid-94(putida),Partial-s15-r(9):b146(putida),0,1,#7FFF00,putida
Partial-s35-r(6):b164(putida),sid-35(putida),1,1,#000000,putida
sid-35(putida),Partial-s35-r(6):b164(putida),0,1,#00FFFF,putida
sid-36(putida),Partial-s35-r(6):b164(putida),0,1,#DDA0DD,putida
sid-45(putida),Partial-s35-r(6):b164(putida),0,1,#BFBFBF,putida
sid-86(putida),Partial-s35-r(6):b164(putida),0,1,#BFBFBF,putida
sid-87(putida),Partial-s35-r(6):b164(putida),0,1,#BFBFBF,putida
sid-94(putida),Partial-s35-r(6):b164(putida),0,1,#7FFF00,putida
Partial-s37-r(4):b184(putida),sid-37(putida),1,1,#000000,putida
sid-37(putida),Partial-s37-r(4):b184(putida),0,1,#00BFFF,putida
sid-45(putida),Partial-s37-r(4):b184(putida),0,1,#BFBFBF,putida
sid-87(putida),Partial-s37-r(4):b184(putida),0,1,#BFBFBF,putida
sid-94(putida),Partial-s37-r(4):b184(putida),0,1,#7FFF00,putida
Partial-s38-r(4):b191(putida),sid-38(putida),1,1,#000000,putida
sid-26(putida),Partial-s38-r(4):b191(putida),0,1,#BFBFBF,putida
sid-38(putida),Partial-s38-r(4):b191(putida),0,1,#BFBFBF,putida
sid-86(putida),Partial-s38-r(4):b191(putida),0,1,#BFBFBF,putida
sid-94(putida),Partial-s38-r(4):b191(putida),0,1,#7FFF00,putida
Partial-s45-r(5):b206(putida),sid-45(putida),1,1,#000000,putida
sid-36(putida),Partial-s45-r(5):b206(putida),0,1,#DDA0DD,putida
sid-45(putida),Partial-s45-r(5):b206(putida),0,1,#BFBFBF,putida
sid-45(putida),Partial-s45-r(5):b206(putida),0,1,#BFBFBF,putida
sid-87(putida),Partial-s45-r(5):b206(putida),0,1,#BFBFBF,putida
sid-94(putida),Partial-s45-r(5):b206(putida),0,1,#7FFF00,putida
Partial-s45-r(4):b208(putida),sid-45(putida),1,1,#000000,putida
sid-37(putida),Partial-s45-r(4):b208(putida),0,1,#00BFFF,putida
sid-45(putida),Partial-s45-r(4):b208(putida),0,1,#BFBFBF,putida
sid-87(putida),Partial-s45-r(4):b208(putida),0,1,#BFBFBF,putida
sid-94(putida),Partial-s45-r(4):b208(putida),0,1,#7FFF00,putida
Partial-s55-r(4):b211(putida),sid-55(putida),1,1,#000000,putida
sid-38(putida),Partial-s55-r(4):b211(putida),0,1,#BFBFBF,putida
sid-55(putida),Partial-s55-r(4):b211(putida),0,1,#BFBFBF,putida
sid-93(putida),Partial-s55-r(4):b211(putida),0,1,#BFBFBF,putida
sid-94(putida),Partial-s55-r(4):b211(putida),0,1,#7FFF00,putida
Partial-s57-r(8):b213(putida),sid-57(putida),1,1,#000000,putida
sid-1(putida),Partial-s57-r(8):b213(putida),0,1,#191970,putida
sid-26(putida),Partial-s57-r(8):b213(putida),0,1,#BFBFBF,putida
sid-35(putida),Partial-s57-r(8):b213(putida),0,1,#00FFFF,putida
sid-38(putida),Partial-s57-r(8):b213(putida),0,1,#BFBFBF,putida
sid-45(putida),Partial-s57-r(8):b213(putida),0,1,#BFBFBF,putida
sid-57(putida),Partial-s57-r(8):b213(putida),0,1,#BFBFBF,putida
sid-72(putida),Partial-s57-r(8):b213(putida),0,1,#4169E1,putida
sid-94(putida),Partial-s57-r(8):b213(putida),0,1,#7FFF00,putida
Partial-s58-r(3):b215(putida),sid-58(putida),1,5,#000000,putida
sid-58(putida),Partial-s58-r(3):b215(putida),0,1,#BFBFBF,putida
sid-86(putida),Partial-s58-r(3):b215(putida),0,1,#BFBFBF,putida
sid-87(putida),Partial-s58-r(3):b215(putida),0,1,#BFBFBF,putida
Partial-s66-r(3):b222(putida),sid-66(putida),1,1,#000000,putida
sid-36(putida),Partial-s66-r(3):b222(putida),0,1,#DDA0DD,putida
sid-66(putida),Partial-s66-r(3):b222(putida),0,1,#BFBFBF,putida
sid-94(putida),Partial-s66-r(3):b222(putida),0,1,#7FFF00,putida
Partial-s70-r(5):b242(putida),sid-70(putida),1,1,#000000,putida
sid-36(putida),Partial-s70-r(5):b242(putida),0,1,#DDA0DD,putida
sid-45(putida),Partial-s70-r(5):b242(putida),0,1,#BFBFBF,putida
sid-55(putida),Partial-s70-r(5):b242(putida),0,1,#BFBFBF,putida
sid-70(putida),Partial-s70-r(5):b242(putida),0,1,#00FA9A,putida
sid-87(putida),Partial-s70-r(5):b242(putida),0,1,#BFBFBF,putida
Partial-s70-r(5):b243(putida),sid-70(putida),1,6,#000000,putida
sid-36(putida),Partial-s70-r(5):b243(putida),0,1,#DDA0DD,putida
sid-45(putida),Partial-s70-r(5):b243(putida),0,1,#BFBFBF,putida
sid-70(putida),Partial-s70-r(5):b243(putida),0,1,#00FA9A,putida
sid-87(putida),Partial-s70-r(5):b243(putida),0,1,#BFBFBF,putida
sid-94(putida),Partial-s70-r(5):b243(putida),0,1,#7FFF00,putida
Pure-s70:b244(putida),sid-70(putida),1,5,#000000,putida
sid-70(putida),Pure-s70:b244(putida),0,1,#00FA9A,putida
Partial-s76-r(14):b259(putida),sid-76(putida),1,1,#000000,putida
sid-1(putida),Partial-s76-r(14):b259(putida),0,1,#191970,putida
sid-3(putida),Partial-s76-r(14):b259(putida),0,1,#FF0000,putida
sid-4(putida),Partial-s76-r(14):b259(putida),0,1,#BFBFBF,putida
sid-36(putida),Partial-s76-r(14):b259(putida),0,1,#DDA0DD,putida
sid-66(putida),Partial-s76-r(14):b259(putida),0,1,#BFBFBF,putida
sid-66(putida),Partial-s76-r(14):b259(putida),0,1,#BFBFBF,putida
sid-69(putida),Partial-s76-r(14):b259(putida),0,1,#BFBFBF,putida
sid-72(putida),Partial-s76-r(14):b259(putida),0,1,#4169E1,putida
sid-76(putida),Partial-s76-r(14):b259(putida),0,1,#2E8B57,putida
sid-76(putida),Partial-s76-r(14):b259(putida),0,1,#2E8B57,putida
sid-80(putida),Partial-s76-r(14):b259(putida),0,1,#808000,putida
sid-81(putida),Partial-s76-r(14):b259(putida),0,1,#BFBFBF,putida
sid-90(putida),Partial-s76-r(14):b259(putida),0,1,#0000CD,putida
sid-94(putida),Partial-s76-r(14):b259(putida),0,1,#7FFF00,putida
Partial-s76-r(11):b261(putida),sid-76(putida),1,1,#000000,putida
sid-1(putida),Partial-s76-r(11):b261(putida),0,1,#191970,putida
sid-4(putida),Partial-s76-r(11):b261(putida),0,1,#BFBFBF,putida
sid-36(putida),Partial-s76-r(11):b261(putida),0,1,#DDA0DD,putida
sid-66(putida),Partial-s76-r(11):b261(putida),0,1,#BFBFBF,putida
sid-69(putida),Partial-s76-r(11):b261(putida),0,1,#BFBFBF,putida
sid-72(putida),Partial-s76-r(11):b261(putida),0,1,#4169E1,putida
sid-76(putida),Partial-s76-r(11):b261(putida),0,1,#2E8B57,putida
sid-76(putida),Partial-s76-r(11):b261(putida),0,1,#2E8B57,putida
sid-80(putida),Partial-s76-r(11):b261(putida),0,1,#808000,putida
sid-90(putida),Partial-s76-r(11):b261(putida),0,1,#0000CD,putida
sid-94(putida),Partial-s76-r(11):b261(putida),0,1,#7FFF00,putida
Pure-s76:b264(putida),sid-76(putida),1,3,#000000,putida
sid-76(putida),Pure-s76:b264(putida),0,1,#2E8B57,putida
Partial-s76-r(2):b265(putida),sid-76(putida),1,1,#000000,putida
sid-76(putida),Partial-s76-r(2):b265(putida),0,1,#2E8B57,putida
sid-86(putida),Partial-s76-r(2):b265(putida),0,1,#BFBFBF,putida
Pure-s80:b281(putida),sid-80(putida),1,1,#000000,putida
sid-80(putida),Pure-s80:b281(putida),0,1,#808000,putida
Partial-s81-r(8):b284(putida),sid-81(putida),1,1,#000000,putida
sid-3(putida),Partial-s81-r(8):b284(putida),0,1,#FF0000,putida
sid-36(putida),Partial-s81-r(8):b284(putida),0,1,#DDA0DD,putida
sid-72(putida),Partial-s81-r(8):b284(putida),0,1,#4169E1,putida
sid-78(putida),Partial-s81-r(8):b284(putida),0,1,#BFBFBF,putida
sid-81(putida),Partial-s81-r(8):b284(putida),0,1,#BFBFBF,putida
sid-86(putida),Partial-s81-r(8):b284(putida),0,1,#BFBFBF,putida
sid-91(putida),Partial-s81-r(8):b284(putida),0,1,#FF00FF,putida
sid-94(putida),Partial-s81-r(8):b284(putida),0,1,#7FFF00,putida
Partial-s87-r(5):b302(putida),sid-87(putida),1,1,#000000,putida
sid-36(putida),Partial-s87-r(5):b302(putida),0,1,#DDA0DD,putida
sid-45(putida),Partial-s87-r(5):b302(putida),0,1,#BFBFBF,putida
sid-70(putida),Partial-s87-r(5):b302(putida),0,1,#00FA9A,putida
sid-87(putida),Partial-s87-r(5):b302(putida),0,1,#BFBFBF,putida
sid-94(putida),Partial-s87-r(5):b302(putida),0,1,#7FFF00,putida
Partial-s87-r(4):b303(putida),sid-87(putida),1,1,#000000,putida
sid-37(putida),Partial-s87-r(4):b303(putida),0,1,#00BFFF,putida
sid-45(putida),Partial-s87-r(4):b303(putida),0,1,#BFBFBF,putida
sid-87(putida),Partial-s87-r(4):b303(putida),0,1,#BFBFBF,putida
sid-94(putida),Partial-s87-r(4):b303(putida),0,1,#7FFF00,putida
Partial-s87-r(2):b304(putida),sid-87(putida),1,1,#000000,putida
sid-37(putida),Partial-s87-r(2):b304(putida),0,1,#00BFFF,putida
sid-87(putida),Partial-s87-r(2):b304(putida),0,1,#BFBFBF,putida
Partial-s90-r(3):b324(putida),sid-90(putida),1,2,#000000,putida
sid-36(putida),Partial-s90-r(3):b324(putida),0,1,#DDA0DD,putida
sid-90(putida),Partial-s90-r(3):b324(putida),0,1,#0000CD,putida
sid-94(putida),Partial-s90-r(3):b324(putida),0,1,#7FFF00,putida
Pure-s92:b411(putida),sid-92(putida),1,1,#000000,putida
sid-92(putida),Pure-s92:b411(putida),0,1,#FF8C00,putida
Partial-s68-r(6):b226(protegens),sid-68(protegens),1,3,#000000,protegens
sid-3(protegens),Partial-s68-r(6):b226(protegens),0,1,#FF0000,protegens
sid-68(protegens),Partial-s68-r(6):b226(protegens),0,1,#F08080,protegens
sid-72(protegens),Partial-s68-r(6):b226(protegens),0,1,#4169E1,protegens
sid-90(protegens),Partial-s68-r(6):b226(protegens),0,1,#0000CD,protegens
sid-91(protegens),Partial-s68-r(6):b226(protegens),0,1,#FF00FF,protegens
sid-91(protegens),Partial-s68-r(6):b226(protegens),0,1,#FF00FF,protegens
Partial-s68-r(7):b227(protegens),sid-68(protegens),1,5,#000000,protegens
sid-3(protegens),Partial-s68-r(7):b227(protegens),0,1,#FF0000,protegens
sid-68(protegens),Partial-s68-r(7):b227(protegens),0,1,#F08080,protegens
sid-72(protegens),Partial-s68-r(7):b227(protegens),0,1,#4169E1,protegens
sid-90(protegens),Partial-s68-r(7):b227(protegens),0,1,#0000CD,protegens
sid-91(protegens),Partial-s68-r(7):b227(protegens),0,1,#FF00FF,protegens
sid-91(protegens),Partial-s68-r(7):b227(protegens),0,1,#FF00FF,protegens
sid-94(protegens),Partial-s68-r(7):b227(protegens),0,1,#7FFF00,protegens
Partial-s68-r(6):b228(protegens),sid-68(protegens),1,1,#000000,protegens
sid-3(protegens),Partial-s68-r(6):b228(protegens),0,1,#FF0000,protegens
sid-68(protegens),Partial-s68-r(6):b228(protegens),0,1,#F08080,protegens
sid-81(protegens),Partial-s68-r(6):b228(protegens),0,1,#BFBFBF,protegens
sid-90(protegens),Partial-s68-r(6):b228(protegens),0,1,#0000CD,protegens
sid-91(protegens),Partial-s68-r(6):b228(protegens),0,1,#FF00FF,protegens
sid-94(protegens),Partial-s68-r(6):b228(protegens),0,1,#7FFF00,protegens
Partial-s68-r(4):b229(protegens),sid-68(protegens),1,1,#000000,protegens
sid-3(protegens),Partial-s68-r(4):b229(protegens),0,1,#FF0000,protegens
sid-68(protegens),Partial-s68-r(4):b229(protegens),0,1,#F08080,protegens
sid-90(protegens),Partial-s68-r(4):b229(protegens),0,1,#0000CD,protegens
sid-91(protegens),Partial-s68-r(4):b229(protegens),0,1,#FF00FF,protegens
Partial-s68-r(6):b230(protegens),sid-68(protegens),1,4,#000000,protegens
sid-3(protegens),Partial-s68-r(6):b230(protegens),0,1,#FF0000,protegens
sid-68(protegens),Partial-s68-r(6):b230(protegens),0,1,#F08080,protegens
sid-90(protegens),Partial-s68-r(6):b230(protegens),0,1,#0000CD,protegens
sid-91(protegens),Partial-s68-r(6):b230(protegens),0,1,#FF00FF,protegens
sid-91(protegens),Partial-s68-r(6):b230(protegens),0,1,#FF00FF,protegens
sid-94(protegens),Partial-s68-r(6):b230(protegens),0,1,#7FFF00,protegens
Partial-s68-r(5):b231(protegens),sid-68(protegens),1,1,#000000,protegens
sid-3(protegens),Partial-s68-r(5):b231(protegens),0,1,#FF0000,protegens
sid-68(protegens),Partial-s68-r(5):b231(protegens),0,1,#F08080,protegens
sid-90(protegens),Partial-s68-r(5):b231(protegens),0,1,#0000CD,protegens
sid-91(protegens),Partial-s68-r(5):b231(protegens),0,1,#FF00FF,protegens
sid-94(protegens),Partial-s68-r(5):b231(protegens),0,1,#7FFF00,protegens
Partial-s68-r(5):b232(protegens),sid-68(protegens),1,1,#000000,protegens
sid-3(protegens),Partial-s68-r(5):b232(protegens),0,1,#FF0000,protegens
sid-68(protegens),Partial-s68-r(5):b232(protegens),0,1,#F08080,protegens
sid-91(protegens),Partial-s68-r(5):b232(protegens),0,1,#FF00FF,protegens
sid-91(protegens),Partial-s68-r(5):b232(protegens),0,1,#FF00FF,protegens
sid-94(protegens),Partial-s68-r(5):b232(protegens),0,1,#7FFF00,protegens
Partial-s81-r(7):b283(protegens),sid-81(protegens),1,1,#000000,protegens
sid-3(protegens),Partial-s81-r(7):b283(protegens),0,1,#FF0000,protegens
sid-36(protegens),Partial-s81-r(7):b283(protegens),0,1,#DDA0DD,protegens
sid-68(protegens),Partial-s81-r(7):b283(protegens),0,1,#F08080,protegens
sid-81(protegens),Partial-s81-r(7):b283(protegens),0,1,#BFBFBF,protegens
sid-90(protegens),Partial-s81-r(7):b283(protegens),0,1,#0000CD,protegens
sid-91(protegens),Partial-s81-r(7):b283(protegens),0,1,#FF00FF,protegens
sid-94(protegens),Partial-s81-r(7):b283(protegens),0,1,#7FFF00,protegens
Partial-s81-r(6):b285(protegens),sid-81(protegens),1,1,#000000,protegens
sid-3(protegens),Partial-s81-r(6):b285(protegens),0,1,#FF0000,protegens
sid-36(protegens),Partial-s81-r(6):b285(protegens),0,1,#DDA0DD,protegens
sid-81(protegens),Partial-s81-r(6):b285(protegens),0,1,#BFBFBF,protegens
sid-90(protegens),Partial-s81-r(6):b285(protegens),0,1,#0000CD,protegens
sid-91(protegens),Partial-s81-r(6):b285(protegens),0,1,#FF00FF,protegens
sid-94(protegens),Partial-s81-r(6):b285(protegens),0,1,#7FFF00,protegens
Partial-s81-r(6):b288(protegens),sid-81(protegens),1,1,#000000,protegens
sid-3(protegens),Partial-s81-r(6):b288(protegens),0,1,#FF0000,protegens
sid-72(protegens),Partial-s81-r(6):b288(protegens),0,1,#4169E1,protegens
sid-81(protegens),Partial-s81-r(6):b288(protegens),0,1,#BFBFBF,protegens
sid-91(protegens),Partial-s81-r(6):b288(protegens),0,1,#FF00FF,protegens
sid-91(protegens),Partial-s81-r(6):b288(protegens),0,1,#FF00FF,protegens
sid-94(protegens),Partial-s81-r(6):b288(protegens),0,1,#7FFF00,protegens
Partial-s81-r(6):b289(protegens),sid-81(protegens),1,2,#000000,protegens
sid-3(protegens),Partial-s81-r(6):b289(protegens),0,1,#FF0000,protegens
sid-81(protegens),Partial-s81-r(6):b289(protegens),0,1,#BFBFBF,protegens
sid-90(protegens),Partial-s81-r(6):b289(protegens),0,1,#0000CD,protegens
sid-91(protegens),Partial-s81-r(6):b289(protegens),0,1,#FF00FF,protegens
sid-91(protegens),Partial-s81-r(6):b289(protegens),0,1,#FF00FF,protegens
sid-94(protegens),Partial-s81-r(6):b289(protegens),0,1,#7FFF00,protegens
Partial-s81-r(5):b290(protegens),sid-81(protegens),1,2,#000000,protegens
sid-3(protegens),Partial-s81-r(5):b290(protegens),0,1,#FF0000,protegens
sid-81(protegens),Partial-s81-r(5):b290(protegens),0,1,#BFBFBF,protegens
sid-90(protegens),Partial-s81-r(5):b290(protegens),0,1,#0000CD,protegens
sid-91(protegens),Partial-s81-r(5):b290(protegens),0,1,#FF00FF,protegens
sid-94(protegens),Partial-s81-r(5):b290(protegens),0,1,#7FFF00,protegens
sid-3(fragi),Cheater-r(5):b34(fragi),0,1,#FF0000,fragi
sid-58(fragi),Cheater-r(5):b34(fragi),0,1,#BFBFBF,fragi
sid-90(fragi),Cheater-r(5):b34(fragi),0,1,#0000CD,fragi
sid-91(fragi),Cheater-r(5):b34(fragi),0,1,#FF00FF,fragi
sid-91(fragi),Cheater-r(5):b34(fragi),0,1,#FF00FF,fragi
sid-3(fragi),Cheater-r(6):b35(fragi),0,1,#FF0000,fragi
sid-58(fragi),Cheater-r(6):b35(fragi),0,1,#BFBFBF,fragi
sid-90(fragi),Cheater-r(6):b35(fragi),0,1,#0000CD,fragi
sid-91(fragi),Cheater-r(6):b35(fragi),0,1,#FF00FF,fragi
sid-91(fragi),Cheater-r(6):b35(fragi),0,1,#FF00FF,fragi
sid-94(fragi),Cheater-r(6):b35(fragi),0,1,#7FFF00,fragi
sid-3(fragi),Cheater-r(6):b38(fragi),0,1,#FF0000,fragi
sid-77(fragi),Cheater-r(6):b38(fragi),0,1,#BFBFBF,fragi
sid-90(fragi),Cheater-r(6):b38(fragi),0,1,#0000CD,fragi
sid-91(fragi),Cheater-r(6):b38(fragi),0,1,#FF00FF,fragi
sid-91(fragi),Cheater-r(6):b38(fragi),0,1,#FF00FF,fragi
sid-94(fragi),Cheater-r(6):b38(fragi),0,1,#7FFF00,fragi
sid-3(fragi),Cheater-r(5):b40(fragi),0,1,#FF0000,fragi
sid-90(fragi),Cheater-r(5):b40(fragi),0,1,#0000CD,fragi
sid-91(fragi),Cheater-r(5):b40(fragi),0,1,#FF00FF,fragi
sid-91(fragi),Cheater-r(5):b40(fragi),0,1,#FF00FF,fragi
sid-94(fragi),Cheater-r(5):b40(fragi),0,1,#7FFF00,fragi
sid-77(fragi),Cheater-r(3):b101(fragi),0,1,#BFBFBF,fragi
sid-90(fragi),Cheater-r(3):b101(fragi),0,1,#0000CD,fragi
sid-91(fragi),Cheater-r(3):b101(fragi),0,1,#FF00FF,fragi
sid-77(fragi),Cheater-r(5):b103(fragi),0,1,#BFBFBF,fragi
sid-90(fragi),Cheater-r(5):b103(fragi),0,1,#0000CD,fragi
sid-91(fragi),Cheater-r(5):b103(fragi),0,1,#FF00FF,fragi
sid-91(fragi),Cheater-r(5):b103(fragi),0,1,#FF00FF,fragi
sid-91(fragi),Cheater-r(5):b103(fragi),0,1,#FF00FF,fragi
sid-77(fragi),Cheater-r(6):b104(fragi),0,1,#BFBFBF,fragi
sid-90(fragi),Cheater-r(6):b104(fragi),0,1,#0000CD,fragi
sid-91(fragi),Cheater-r(6):b104(fragi),0,1,#FF00FF,fragi
sid-91(fragi),Cheater-r(6):b104(fragi),0,1,#FF00FF,fragi
sid-91(fragi),Cheater-r(6):b104(fragi),0,1,#FF00FF,fragi
sid-94(fragi),Cheater-r(6):b104(fragi),0,1,#7FFF00,fragi
sid-77(fragi),Cheater-r(4):b105(fragi),0,1,#BFBFBF,fragi
sid-91(fragi),Cheater-r(4):b105(fragi),0,1,#FF00FF,fragi
sid-91(fragi),Cheater-r(4):b105(fragi),0,1,#FF00FF,fragi
sid-91(fragi),Cheater-r(4):b105(fragi),0,1,#FF00FF,fragi
sid-1(stutzeri),Cheater-r(1):b1(stutzeri),0,1,#191970,stutzeri
sid-24(stutzeri),Cheater-r(1):b66(stutzeri),0,1,#BFBFBF,stutzeri
sid-26(stutzeri),Cheater-r(1):b75(stutzeri),0,1,#BFBFBF,stutzeri
sid-87(stutzeri),Cheater-r(2):b108(stutzeri),0,1,#BFBFBF,stutzeri
sid-91(stutzeri),Cheater-r(2):b108(stutzeri),0,1,#FF00FF,stutzeri
Partial-s92-r(2):b409(stutzeri),sid-92(stutzeri),1,2,#000000,stutzeri
sid-90(stutzeri),Partial-s92-r(2):b409(stutzeri),0,1,#0000CD,stutzeri
sid-92(stutzeri),Partial-s92-r(2):b409(stutzeri),0,1,#FF8C00,stutzeri
Pure-s35:b163(amygdali),sid-35(amygdali),1,15,#000000,amygdali
sid-35(amygdali),Pure-s35:b163(amygdali),0,1,#00FFFF,amygdali
Partial-s3-r(3):b126(chlororaphis),sid-3(chlororaphis),1,1,#000000,chlororaphis
sid-1(chlororaphis),Partial-s3-r(3):b126(chlororaphis),0,1,#191970,chlororaphis
sid-3(chlororaphis),Partial-s3-r(3):b126(chlororaphis),0,1,#FF0000,chlororaphis
sid-4(chlororaphis),Partial-s3-r(3):b126(chlororaphis),0,1,#BFBFBF,chlororaphis
Partial-s36-r(5):b172(chlororaphis),sid-36(chlororaphis),1,1,#000000,chlororaphis
sid-1(chlororaphis),Partial-s36-r(5):b172(chlororaphis),0,1,#191970,chlororaphis
sid-3(chlororaphis),Partial-s36-r(5):b172(chlororaphis),0,1,#FF0000,chlororaphis
sid-36(chlororaphis),Partial-s36-r(5):b172(chlororaphis),0,1,#DDA0DD,chlororaphis
sid-90(chlororaphis),Partial-s36-r(5):b172(chlororaphis),0,1,#0000CD,chlororaphis
sid-94(chlororaphis),Partial-s36-r(5):b172(chlororaphis),0,1,#7FFF00,chlororaphis
Partial-s68-r(6):b225(chlororaphis),sid-68(chlororaphis),1,1,#000000,chlororaphis
sid-3(chlororaphis),Partial-s68-r(6):b225(chlororaphis),0,1,#FF0000,chlororaphis
sid-37(chlororaphis),Partial-s68-r(6):b225(chlororaphis),0,1,#00BFFF,chlororaphis
sid-68(chlororaphis),Partial-s68-r(6):b225(chlororaphis),0,1,#F08080,chlororaphis
sid-72(chlororaphis),Partial-s68-r(6):b225(chlororaphis),0,1,#4169E1,chlororaphis
sid-90(chlororaphis),Partial-s68-r(6):b225(chlororaphis),0,1,#0000CD,chlororaphis
sid-94(chlororaphis),Partial-s68-r(6):b225(chlororaphis),0,1,#7FFF00,chlororaphis
Pure-s68:b234(chlororaphis),sid-68(chlororaphis),1,1,#000000,chlororaphis
sid-68(chlororaphis),Pure-s68:b234(chlororaphis),0,1,#F08080,chlororaphis
Partial-s68-r(3):b235(chlororaphis),sid-68(chlororaphis),1,1,#000000,chlororaphis
sid-68(chlororaphis),Partial-s68-r(3):b235(chlororaphis),0,1,#F08080,chlororaphis
sid-90(chlororaphis),Partial-s68-r(3):b235(chlororaphis),0,1,#0000CD,chlororaphis
sid-94(chlororaphis),Partial-s68-r(3):b235(chlororaphis),0,1,#7FFF00,chlororaphis
Partial-s68-r(2):b236(chlororaphis),sid-68(chlororaphis),1,6,#000000,chlororaphis
sid-68(chlororaphis),Partial-s68-r(2):b236(chlororaphis),0,1,#F08080,chlororaphis
sid-94(chlororaphis),Partial-s68-r(2):b236(chlororaphis),0,1,#7FFF00,chlororaphis
Partial-s91-r(3):b392(chlororaphis),sid-91(chlororaphis),1,3,#000000,chlororaphis
sid-37(chlororaphis),Partial-s91-r(3):b392(chlororaphis),0,1,#00BFFF,chlororaphis
sid-91(chlororaphis),Partial-s91-r(3):b392(chlororaphis),0,1,#FF00FF,chlororaphis
sid-94(chlororaphis),Partial-s91-r(3):b392(chlororaphis),0,1,#7FFF00,chlororaphis
Partial-s91-r(2):b397(chlororaphis),sid-91(chlororaphis),1,1,#000000,chlororaphis
sid-91(chlororaphis),Partial-s91-r(2):b397(chlororaphis),0,1,#FF00FF,chlororaphis
sid-94(chlororaphis),Partial-s91-r(2):b397(chlororaphis),0,1,#7FFF00,chlororaphis
Partial-s3-r(2):b124(koreensis),sid-3(koreensis),1,1,#000000,koreensis
sid-1(koreensis),Partial-s3-r(2):b124(koreensis),0,1,#191970,koreensis
sid-3(koreensis),Partial-s3-r(2):b124(koreensis),0,1,#FF0000,koreensis
Partial-s3-r(3):b129(koreensis),sid-3(koreensis),1,1,#000000,koreensis
sid-1(koreensis),Partial-s3-r(3):b129(koreensis),0,1,#191970,koreensis
sid-3(koreensis),Partial-s3-r(3):b129(koreensis),0,1,#FF0000,koreensis
sid-90(koreensis),Partial-s3-r(3):b129(koreensis),0,1,#0000CD,koreensis
Partial-s3-r(4):b130(koreensis),sid-3(koreensis),1,1,#000000,koreensis
sid-1(koreensis),Partial-s3-r(4):b130(koreensis),0,1,#191970,koreensis
sid-3(koreensis),Partial-s3-r(4):b130(koreensis),0,1,#FF0000,koreensis
sid-90(koreensis),Partial-s3-r(4):b130(koreensis),0,1,#0000CD,koreensis
sid-94(koreensis),Partial-s3-r(4):b130(koreensis),0,1,#7FFF00,koreensis
Pure-s3:b131(koreensis),sid-3(koreensis),1,2,#000000,koreensis
sid-3(koreensis),Pure-s3:b131(koreensis),0,1,#FF0000,koreensis
Partial-s90-r(2):b308(koreensis),sid-90(koreensis),1,3,#000000,koreensis
sid-1(koreensis),Partial-s90-r(2):b308(koreensis),0,1,#191970,koreensis
sid-90(koreensis),Partial-s90-r(2):b308(koreensis),0,1,#0000CD,koreensis
Pure-s90:b331(koreensis),sid-90(koreensis),1,1,#000000,koreensis
sid-90(koreensis),Pure-s90:b331(koreensis),0,1,#0000CD,koreensis
Partial-s91-r(5):b371(koreensis),sid-91(koreensis),1,1,#000000,koreensis
sid-1(koreensis),Partial-s91-r(5):b371(koreensis),0,1,#191970,koreensis
sid-3(koreensis),Partial-s91-r(5):b371(koreensis),0,1,#FF0000,koreensis
sid-37(koreensis),Partial-s91-r(5):b371(koreensis),0,1,#00BFFF,koreensis
sid-91(koreensis),Partial-s91-r(5):b371(koreensis),0,1,#FF00FF,koreensis
sid-94(koreensis),Partial-s91-r(5):b371(koreensis),0,1,#7FFF00,koreensis
Partial-s94-r(2):b418(koreensis),sid-94(koreensis),1,1,#000000,koreensis
sid-1(koreensis),Partial-s94-r(2):b418(koreensis),0,1,#191970,koreensis
sid-94(koreensis),Partial-s94-r(2):b418(koreensis),0,1,#7FFF00,koreensis
Pure-s94:b422(koreensis),sid-94(koreensis),1,4,#000000,koreensis
sid-94(koreensis),Pure-s94:b422(koreensis),0,1,#7FFF00,koreensis
sid-24(psychrotolerans),Cheater-r(3):b68(psychrotolerans),0,1,#BFBFBF,psychrotolerans
sid-56(psychrotolerans),Cheater-r(3):b68(psychrotolerans),0,1,#BFBFBF,psychrotolerans
sid-56(psychrotolerans),Cheater-r(2):b78(psychrotolerans),0,1,#BFBFBF,psychrotolerans
sid-56(psychrotolerans),Cheater-r(1):b96(psychrotolerans),0,1,#BFBFBF,psychrotolerans
Partial-s56-r(4):b212(psychrotolerans),sid-56(psychrotolerans),1,1,#000000,psychrotolerans
sid-56(psychrotolerans),Partial-s56-r(4):b212(psychrotolerans),0,1,#BFBFBF,psychrotolerans
sid-85(psychrotolerans),Partial-s56-r(4):b212(psychrotolerans),0,1,#BFBFBF,psychrotolerans
sid-90(psychrotolerans),Partial-s56-r(4):b212(psychrotolerans),0,1,#0000CD,psychrotolerans
sid-93(psychrotolerans),Partial-s56-r(4):b212(psychrotolerans),0,1,#BFBFBF,psychrotolerans
Partial-s3-r(3):b126(brassicacearum),sid-3(brassicacearum),1,1,#000000,brassicacearum
sid-1(brassicacearum),Partial-s3-r(3):b126(brassicacearum),0,1,#191970,brassicacearum
sid-3(brassicacearum),Partial-s3-r(3):b126(brassicacearum),0,1,#FF0000,brassicacearum
sid-4(brassicacearum),Partial-s3-r(3):b126(brassicacearum),0,1,#BFBFBF,brassicacearum
Partial-s4-r(2):b139(brassicacearum),sid-4(brassicacearum),1,1,#000000,brassicacearum
sid-1(brassicacearum),Partial-s4-r(2):b139(brassicacearum),0,1,#191970,brassicacearum
sid-4(brassicacearum),Partial-s4-r(2):b139(brassicacearum),0,1,#BFBFBF,brassicacearum
Partial-s4-r(2):b142(brassicacearum),sid-4(brassicacearum),1,2,#000000,brassicacearum
sid-4(brassicacearum),Partial-s4-r(2):b142(brassicacearum),0,1,#BFBFBF,brassicacearum
sid-94(brassicacearum),Partial-s4-r(2):b142(brassicacearum),0,1,#7FFF00,brassicacearum
Pure-s36:b179(brassicacearum),sid-36(brassicacearum),1,1,#000000,brassicacearum
sid-36(brassicacearum),Pure-s36:b179(brassicacearum),0,1,#DDA0DD,brassicacearum
Partial-s36-r(2):b182(brassicacearum),sid-36(brassicacearum),1,6,#000000,brassicacearum
sid-36(brassicacearum),Partial-s36-r(2):b182(brassicacearum),0,1,#DDA0DD,brassicacearum
sid-94(brassicacearum),Partial-s36-r(2):b182(brassicacearum),0,1,#7FFF00,brassicacearum
Pure-s90:b331(brassicacearum),sid-90(brassicacearum),1,2,#000000,brassicacearum
sid-90(brassicacearum),Pure-s90:b331(brassicacearum),0,1,#0000CD,brassicacearum
Partial-s35-r(2):b159(coronafaciens),sid-35(coronafaciens),1,10,#000000,coronafaciens
sid-2(coronafaciens),Partial-s35-r(2):b159(coronafaciens),0,1,#FFFF54,coronafaciens
sid-35(coronafaciens),Partial-s35-r(2):b159(coronafaciens),0,1,#00FFFF,coronafaciens
Pure-s35:b163(coronafaciens),sid-35(coronafaciens),1,1,#000000,coronafaciens
sid-35(coronafaciens),Pure-s35:b163(coronafaciens),0,1,#00FFFF,coronafaciens
sid-24(oryzihabitans),Cheater-r(3):b72(oryzihabitans),0,1,#BFBFBF,oryzihabitans
sid-56(oryzihabitans),Cheater-r(3):b72(oryzihabitans),0,1,#BFBFBF,oryzihabitans
sid-93(oryzihabitans),Cheater-r(3):b72(oryzihabitans),0,1,#BFBFBF,oryzihabitans
sid-56(oryzihabitans),Cheater-r(1):b96(oryzihabitans),0,1,#BFBFBF,oryzihabitans
sid-56(oryzihabitans),Cheater-r(2):b97(oryzihabitans),0,1,#BFBFBF,oryzihabitans
sid-93(oryzihabitans),Cheater-r(2):b97(oryzihabitans),0,1,#BFBFBF,oryzihabitans
sid-90(frederiksbergensis),Cheater-r(2):b112(frederiksbergensis),0,1,#0000CD,frederiksbergensis
sid-94(frederiksbergensis),Cheater-r(2):b112(frederiksbergensis),0,1,#7FFF00,frederiksbergensis
Partial-s3-r(2):b136(frederiksbergensis),sid-3(frederiksbergensis),1,1,#000000,frederiksbergensis
sid-3(frederiksbergensis),Partial-s3-r(2):b136(frederiksbergensis),0,1,#FF0000,frederiksbergensis
sid-90(frederiksbergensis),Partial-s3-r(2):b136(frederiksbergensis),0,1,#0000CD,frederiksbergensis
Pure-s36:b179(frederiksbergensis),sid-36(frederiksbergensis),1,5,#000000,frederiksbergensis
sid-36(frederiksbergensis),Pure-s36:b179(frederiksbergensis),0,1,#DDA0DD,frederiksbergensis
Pure-s94:b422(frederiksbergensis),sid-94(frederiksbergensis),1,2,#000000,frederiksbergensis
sid-94(frederiksbergensis),Pure-s94:b422(frederiksbergensis),0,1,#7FFF00,frederiksbergensis
sid-1(savastanoi),Cheater-r(5):b8(savastanoi),0,1,#191970,savastanoi
sid-2(savastanoi),Cheater-r(5):b8(savastanoi),0,1,#FFFF54,savastanoi
sid-35(savastanoi),Cheater-r(5):b8(savastanoi),0,1,#00FFFF,savastanoi
sid-45(savastanoi),Cheater-r(5):b8(savastanoi),0,1,#BFBFBF,savastanoi
Pure-s35:b163(savastanoi),sid-35(savastanoi),1,9,#000000,savastanoi
sid-35(savastanoi),Pure-s35:b163(savastanoi),0,1,#00FFFF,savastanoi
Pure-s3:b131(moraviensis),sid-3(moraviensis),1,2,#000000,moraviensis
sid-3(moraviensis),Pure-s3:b131(moraviensis),0,1,#FF0000,moraviensis
Partial-s94-r(2):b418(moraviensis),sid-94(moraviensis),1,4,#000000,moraviensis
sid-1(moraviensis),Partial-s94-r(2):b418(moraviensis),0,1,#191970,moraviensis
sid-94(moraviensis),Partial-s94-r(2):b418(moraviensis),0,1,#7FFF00,moraviensis
Pure-s94:b422(moraviensis),sid-94(moraviensis),1,3,#000000,moraviensis
sid-94(moraviensis),Pure-s94:b422(moraviensis),0,1,#7FFF00,moraviensis
Partial-s90-r(2):b332(lundensis),sid-90(lundensis),1,1,#000000,lundensis
sid-90(lundensis),Partial-s90-r(2):b332(lundensis),0,1,#0000CD,lundensis
sid-91(lundensis),Partial-s90-r(2):b332(lundensis),0,1,#FF00FF,lundensis
Partial-s90-r(4):b333(lundensis),sid-90(lundensis),1,6,#000000,lundensis
sid-90(lundensis),Partial-s90-r(4):b333(lundensis),0,1,#0000CD,lundensis
sid-91(lundensis),Partial-s90-r(4):b333(lundensis),0,1,#FF00FF,lundensis
sid-91(lundensis),Partial-s90-r(4):b333(lundensis),0,1,#FF00FF,lundensis
sid-94(lundensis),Partial-s90-r(4):b333(lundensis),0,1,#7FFF00,lundensis
Partial-s90-r(2):b335(lundensis),sid-90(lundensis),1,1,#000000,lundensis
sid-90(lundensis),Partial-s90-r(2):b335(lundensis),0,1,#0000CD,lundensis
sid-94(lundensis),Partial-s90-r(2):b335(lundensis),0,1,#7FFF00,lundensis
Pure-s36:b179(mandelii),sid-36(mandelii),1,1,#000000,mandelii
sid-36(mandelii),Pure-s36:b179(mandelii),0,1,#DDA0DD,mandelii
Partial-s72-r(3):b248(mandelii),sid-72(mandelii),1,1,#000000,mandelii
sid-1(mandelii),Partial-s72-r(3):b248(mandelii),0,1,#191970,mandelii
sid-72(mandelii),Partial-s72-r(3):b248(mandelii),0,1,#4169E1,mandelii
sid-90(mandelii),Partial-s72-r(3):b248(mandelii),0,1,#0000CD,mandelii
Pure-s90:b331(mandelii),sid-90(mandelii),1,6,#000000,mandelii
sid-90(mandelii),Pure-s90:b331(mandelii),0,1,#0000CD,mandelii
Partial-s66-r(5):b219(monteilii),sid-66(monteilii),1,1,#000000,monteilii
sid-1(monteilii),Partial-s66-r(5):b219(monteilii),0,1,#191970,monteilii
sid-35(monteilii),Partial-s66-r(5):b219(monteilii),0,1,#00FFFF,monteilii
sid-38(monteilii),Partial-s66-r(5):b219(monteilii),0,1,#BFBFBF,monteilii
sid-66(monteilii),Partial-s66-r(5):b219(monteilii),0,1,#BFBFBF,monteilii
sid-94(monteilii),Partial-s66-r(5):b219(monteilii),0,1,#7FFF00,monteilii
Partial-s66-r(5):b220(monteilii),sid-66(monteilii),1,1,#000000,monteilii
sid-1(monteilii),Partial-s66-r(5):b220(monteilii),0,1,#191970,monteilii
sid-35(monteilii),Partial-s66-r(5):b220(monteilii),0,1,#00FFFF,monteilii
sid-66(monteilii),Partial-s66-r(5):b220(monteilii),0,1,#BFBFBF,monteilii
sid-76(monteilii),Partial-s66-r(5):b220(monteilii),0,1,#2E8B57,monteilii
Partial-s66-r(4):b221(monteilii),sid-66(monteilii),1,1,#000000,monteilii
sid-36(monteilii),Partial-s66-r(4):b221(monteilii),0,1,#DDA0DD,monteilii
sid-66(monteilii),Partial-s66-r(4):b221(monteilii),0,1,#BFBFBF,monteilii
sid-94(monteilii),Partial-s66-r(4):b221(monteilii),0,1,#7FFF00,monteilii
Partial-s66-r(3):b222(monteilii),sid-66(monteilii),1,1,#000000,monteilii
sid-36(monteilii),Partial-s66-r(3):b222(monteilii),0,1,#DDA0DD,monteilii
sid-66(monteilii),Partial-s66-r(3):b222(monteilii),0,1,#BFBFBF,monteilii
sid-94(monteilii),Partial-s66-r(3):b222(monteilii),0,1,#7FFF00,monteilii
Partial-s72-r(2):b255(monteilii),sid-72(monteilii),1,1,#000000,monteilii
sid-45(monteilii),Partial-s72-r(2):b255(monteilii),0,1,#BFBFBF,monteilii
sid-72(monteilii),Partial-s72-r(2):b255(monteilii),0,1,#4169E1,monteilii
Pure-s72:b256(monteilii),sid-72(monteilii),1,1,#000000,monteilii
sid-72(monteilii),Pure-s72:b256(monteilii),0,1,#4169E1,monteilii
Pure-s76:b264(monteilii),sid-76(monteilii),1,1,#000000,monteilii
sid-76(monteilii),Pure-s76:b264(monteilii),0,1,#2E8B57,monteilii
Pure-s92:b411(monteilii),sid-92(monteilii),1,1,#000000,monteilii
sid-92(monteilii),Pure-s92:b411(monteilii),0,1,#FF8C00,monteilii
Pure-s76:b264(asiatica),sid-76(asiatica),1,4,#000000,asiatica
sid-76(asiatica),Pure-s76:b264(asiatica),0,1,#2E8B57,asiatica
Partial-s76-r(3):b266(asiatica),sid-76(asiatica),1,1,#000000,asiatica
sid-76(asiatica),Partial-s76-r(3):b266(asiatica),0,1,#2E8B57,asiatica
sid-86(asiatica),Partial-s76-r(3):b266(asiatica),0,1,#BFBFBF,asiatica
sid-87(asiatica),Partial-s76-r(3):b266(asiatica),0,1,#BFBFBF,asiatica
Partial-s76-r(2):b267(asiatica),sid-76(asiatica),1,2,#000000,asiatica
sid-76(asiatica),Partial-s76-r(2):b267(asiatica),0,1,#2E8B57,asiatica
sid-87(asiatica),Partial-s76-r(2):b267(asiatica),0,1,#BFBFBF,asiatica
Pure-s3:b131(parafulva),sid-3(parafulva),1,1,#000000,parafulva
sid-3(parafulva),Pure-s3:b131(parafulva),0,1,#FF0000,parafulva
Partial-s35-r(3):b168(parafulva),sid-35(parafulva),1,2,#000000,parafulva
sid-35(parafulva),Partial-s35-r(3):b168(parafulva),0,1,#00FFFF,parafulva
sid-46(parafulva),Partial-s35-r(3):b168(parafulva),0,1,#BFBFBF,parafulva
sid-86(parafulva),Partial-s35-r(3):b168(parafulva),0,1,#BFBFBF,parafulva
Partial-s65-r(6):b216(parafulva),sid-65(parafulva),1,1,#000000,parafulva
sid-35(parafulva),Partial-s65-r(6):b216(parafulva),0,1,#00FFFF,parafulva
sid-45(parafulva),Partial-s65-r(6):b216(parafulva),0,1,#BFBFBF,parafulva
sid-65(parafulva),Partial-s65-r(6):b216(parafulva),0,1,#BFBFBF,parafulva
sid-86(parafulva),Partial-s65-r(6):b216(parafulva),0,1,#BFBFBF,parafulva
Partial-s80-r(3):b277(parafulva),sid-80(parafulva),1,2,#000000,parafulva
sid-4(parafulva),Partial-s80-r(3):b277(parafulva),0,1,#BFBFBF,parafulva
sid-72(parafulva),Partial-s80-r(3):b277(parafulva),0,1,#4169E1,parafulva
sid-80(parafulva),Partial-s80-r(3):b277(parafulva),0,1,#808000,parafulva
Partial-s80-r(2):b280(parafulva),sid-80(parafulva),1,1,#000000,parafulva
sid-72(parafulva),Partial-s80-r(2):b280(parafulva),0,1,#4169E1,parafulva
sid-80(parafulva),Partial-s80-r(2):b280(parafulva),0,1,#808000,parafulva
Partial-s7-r(9):b145(poae),sid-7(poae),1,1,#000000,poae
sid-1(poae),Partial-s7-r(9):b145(poae),0,1,#191970,poae
sid-2(poae),Partial-s7-r(9):b145(poae),0,1,#FFFF54,poae
sid-7(poae),Partial-s7-r(9):b145(poae),0,1,#BFBFBF,poae
sid-37(poae),Partial-s7-r(9):b145(poae),0,1,#00BFFF,poae
sid-72(poae),Partial-s7-r(9):b145(poae),0,1,#4169E1,poae
sid-77(poae),Partial-s7-r(9):b145(poae),0,1,#BFBFBF,poae
sid-90(poae),Partial-s7-r(9):b145(poae),0,1,#0000CD,poae
sid-91(poae),Partial-s7-r(9):b145(poae),0,1,#FF00FF,poae
sid-93(poae),Partial-s7-r(9):b145(poae),0,1,#BFBFBF,poae
Partial-s91-r(8):b342(poae),sid-91(poae),1,1,#000000,poae
sid-1(poae),Partial-s91-r(8):b342(poae),0,1,#191970,poae
sid-2(poae),Partial-s91-r(8):b342(poae),0,1,#FFFF54,poae
sid-3(poae),Partial-s91-r(8):b342(poae),0,1,#FF0000,poae
sid-37(poae),Partial-s91-r(8):b342(poae),0,1,#00BFFF,poae
sid-91(poae),Partial-s91-r(8):b342(poae),0,1,#FF00FF,poae
sid-91(poae),Partial-s91-r(8):b342(poae),0,1,#FF00FF,poae
sid-94(poae),Partial-s91-r(8):b342(poae),0,1,#7FFF00,poae
Partial-s91-r(5):b371(poae),sid-91(poae),1,1,#000000,poae
sid-1(poae),Partial-s91-r(5):b371(poae),0,1,#191970,poae
sid-3(poae),Partial-s91-r(5):b371(poae),0,1,#FF0000,poae
sid-37(poae),Partial-s91-r(5):b371(poae),0,1,#00BFFF,poae
sid-91(poae),Partial-s91-r(5):b371(poae),0,1,#FF00FF,poae
sid-94(poae),Partial-s91-r(5):b371(poae),0,1,#7FFF00,poae
Partial-s91-r(2):b383(poae),sid-91(poae),1,3,#000000,poae
sid-2(poae),Partial-s91-r(2):b383(poae),0,1,#FFFF54,poae
sid-91(poae),Partial-s91-r(2):b383(poae),0,1,#FF00FF,poae
Partial-s91-r(2):b388(poae),sid-91(poae),1,1,#000000,poae
sid-3(poae),Partial-s91-r(2):b388(poae),0,1,#FF0000,poae
sid-91(poae),Partial-s91-r(2):b388(poae),0,1,#FF00FF,poae
Partial-s3-r(2):b136(asplenii),sid-3(asplenii),1,1,#000000,asplenii
sid-3(asplenii),Partial-s3-r(2):b136(asplenii),0,1,#FF0000,asplenii
sid-90(asplenii),Partial-s3-r(2):b136(asplenii),0,1,#0000CD,asplenii
Pure-s35:b163(asplenii),sid-35(asplenii),1,5,#000000,asplenii
sid-35(asplenii),Pure-s35:b163(asplenii),0,1,#00FFFF,asplenii
Partial-s90-r(8):b318(helleri),sid-90(helleri),1,1,#000000,helleri
sid-70(helleri),Partial-s90-r(8):b318(helleri),0,1,#00FA9A,helleri
sid-77(helleri),Partial-s90-r(8):b318(helleri),0,1,#BFBFBF,helleri
sid-87(helleri),Partial-s90-r(8):b318(helleri),0,1,#BFBFBF,helleri
sid-90(helleri),Partial-s90-r(8):b318(helleri),0,1,#0000CD,helleri
sid-91(helleri),Partial-s90-r(8):b318(helleri),0,1,#FF00FF,helleri
sid-91(helleri),Partial-s90-r(8):b318(helleri),0,1,#FF00FF,helleri
sid-94(helleri),Partial-s90-r(8):b318(helleri),0,1,#7FFF00,helleri
Partial-s90-r(6):b326(helleri),sid-90(helleri),1,1,#000000,helleri
sid-58(helleri),Partial-s90-r(6):b326(helleri),0,1,#BFBFBF,helleri
sid-70(helleri),Partial-s90-r(6):b326(helleri),0,1,#00FA9A,helleri
sid-77(helleri),Partial-s90-r(6):b326(helleri),0,1,#BFBFBF,helleri
sid-87(helleri),Partial-s90-r(6):b326(helleri),0,1,#BFBFBF,helleri
sid-90(helleri),Partial-s90-r(6):b326(helleri),0,1,#0000CD,helleri
sid-91(helleri),Partial-s90-r(6):b326(helleri),0,1,#FF00FF,helleri
Partial-s90-r(9):b327(helleri),sid-90(helleri),1,1,#000000,helleri
sid-58(helleri),Partial-s90-r(9):b327(helleri),0,1,#BFBFBF,helleri
sid-70(helleri),Partial-s90-r(9):b327(helleri),0,1,#00FA9A,helleri
sid-77(helleri),Partial-s90-r(9):b327(helleri),0,1,#BFBFBF,helleri
sid-87(helleri),Partial-s90-r(9):b327(helleri),0,1,#BFBFBF,helleri
sid-90(helleri),Partial-s90-r(9):b327(helleri),0,1,#0000CD,helleri
sid-91(helleri),Partial-s90-r(9):b327(helleri),0,1,#FF00FF,helleri
sid-91(helleri),Partial-s90-r(9):b327(helleri),0,1,#FF00FF,helleri
sid-91(helleri),Partial-s90-r(9):b327(helleri),0,1,#FF00FF,helleri
sid-94(helleri),Partial-s90-r(9):b327(helleri),0,1,#7FFF00,helleri
Partial-s90-r(8):b328(helleri),sid-90(helleri),1,1,#000000,helleri
sid-58(helleri),Partial-s90-r(8):b328(helleri),0,1,#BFBFBF,helleri
sid-70(helleri),Partial-s90-r(8):b328(helleri),0,1,#00FA9A,helleri
sid-77(helleri),Partial-s90-r(8):b328(helleri),0,1,#BFBFBF,helleri
sid-87(helleri),Partial-s90-r(8):b328(helleri),0,1,#BFBFBF,helleri
sid-90(helleri),Partial-s90-r(8):b328(helleri),0,1,#0000CD,helleri
sid-91(helleri),Partial-s90-r(8):b328(helleri),0,1,#FF00FF,helleri
sid-91(helleri),Partial-s90-r(8):b328(helleri),0,1,#FF00FF,helleri
sid-94(helleri),Partial-s90-r(8):b328(helleri),0,1,#7FFF00,helleri
Partial-s90-r(9):b329(helleri),sid-90(helleri),1,1,#000000,helleri
sid-58(helleri),Partial-s90-r(9):b329(helleri),0,1,#BFBFBF,helleri
sid-77(helleri),Partial-s90-r(9):b329(helleri),0,1,#BFBFBF,helleri
sid-87(helleri),Partial-s90-r(9):b329(helleri),0,1,#BFBFBF,helleri
sid-90(helleri),Partial-s90-r(9):b329(helleri),0,1,#0000CD,helleri
sid-91(helleri),Partial-s90-r(9):b329(helleri),0,1,#FF00FF,helleri
sid-91(helleri),Partial-s90-r(9):b329(helleri),0,1,#FF00FF,helleri
sid-91(helleri),Partial-s90-r(9):b329(helleri),0,1,#FF00FF,helleri
sid-91(helleri),Partial-s90-r(9):b329(helleri),0,1,#FF00FF,helleri
sid-94(helleri),Partial-s90-r(9):b329(helleri),0,1,#7FFF00,helleri
Pure-s90:b331(helleri),sid-90(helleri),1,1,#000000,helleri
sid-90(helleri),Pure-s90:b331(helleri),0,1,#0000CD,helleri
sid-3(mendocina),Cheater-r(1):b26(mendocina),0,1,#FF0000,mendocina
sid-6(mendocina),Cheater-r(4):b49(mendocina),0,1,#BFBFBF,mendocina
sid-45(mendocina),Cheater-r(4):b49(mendocina),0,1,#BFBFBF,mendocina
sid-66(mendocina),Cheater-r(4):b49(mendocina),0,1,#BFBFBF,mendocina
sid-87(mendocina),Cheater-r(4):b49(mendocina),0,1,#BFBFBF,mendocina
sid-6(mendocina),Cheater-r(4):b50(mendocina),0,1,#BFBFBF,mendocina
sid-45(mendocina),Cheater-r(4):b50(mendocina),0,1,#BFBFBF,mendocina
sid-87(mendocina),Cheater-r(4):b50(mendocina),0,1,#BFBFBF,mendocina
sid-6(mendocina),Cheater-r(3):b52(mendocina),0,1,#BFBFBF,mendocina
sid-87(mendocina),Cheater-r(3):b52(mendocina),0,1,#BFBFBF,mendocina
sid-26(mendocina),Cheater-r(1):b75(mendocina),0,1,#BFBFBF,mendocina
sid-1(nitroreducens),Cheater-r(11):b17(nitroreducens),0,1,#191970,nitroreducens
sid-24(nitroreducens),Cheater-r(11):b17(nitroreducens),0,1,#BFBFBF,nitroreducens
sid-38(nitroreducens),Cheater-r(11):b17(nitroreducens),0,1,#BFBFBF,nitroreducens
sid-45(nitroreducens),Cheater-r(11):b17(nitroreducens),0,1,#BFBFBF,nitroreducens
sid-55(nitroreducens),Cheater-r(11):b17(nitroreducens),0,1,#BFBFBF,nitroreducens
sid-58(nitroreducens),Cheater-r(11):b17(nitroreducens),0,1,#BFBFBF,nitroreducens
sid-66(nitroreducens),Cheater-r(11):b17(nitroreducens),0,1,#BFBFBF,nitroreducens
sid-80(nitroreducens),Cheater-r(11):b17(nitroreducens),0,1,#808000,nitroreducens
sid-92(nitroreducens),Cheater-r(11):b17(nitroreducens),0,1,#FF8C00,nitroreducens
sid-93(nitroreducens),Cheater-r(11):b17(nitroreducens),0,1,#BFBFBF,nitroreducens
sid-94(nitroreducens),Cheater-r(11):b17(nitroreducens),0,1,#7FFF00,nitroreducens
sid-1(nitroreducens),Cheater-r(5):b19(nitroreducens),0,1,#191970,nitroreducens
sid-24(nitroreducens),Cheater-r(5):b19(nitroreducens),0,1,#BFBFBF,nitroreducens
sid-38(nitroreducens),Cheater-r(5):b19(nitroreducens),0,1,#BFBFBF,nitroreducens
sid-66(nitroreducens),Cheater-r(5):b19(nitroreducens),0,1,#BFBFBF,nitroreducens
sid-94(nitroreducens),Cheater-r(5):b19(nitroreducens),0,1,#7FFF00,nitroreducens
sid-1(nitroreducens),Cheater-r(4):b20(nitroreducens),0,1,#191970,nitroreducens
sid-24(nitroreducens),Cheater-r(4):b20(nitroreducens),0,1,#BFBFBF,nitroreducens
sid-38(nitroreducens),Cheater-r(4):b20(nitroreducens),0,1,#BFBFBF,nitroreducens
sid-94(nitroreducens),Cheater-r(4):b20(nitroreducens),0,1,#7FFF00,nitroreducens
sid-24(nitroreducens),Cheater-r(2):b73(nitroreducens),0,1,#BFBFBF,nitroreducens
sid-94(nitroreducens),Cheater-r(2):b73(nitroreducens),0,1,#7FFF00,nitroreducens
Partial-s78-r(5):b271(synxantha),sid-78(synxantha),1,2,#000000,synxantha
sid-1(synxantha),Partial-s78-r(5):b271(synxantha),0,1,#191970,synxantha
sid-37(synxantha),Partial-s78-r(5):b271(synxantha),0,1,#00BFFF,synxantha
sid-69(synxantha),Partial-s78-r(5):b271(synxantha),0,1,#BFBFBF,synxantha
sid-78(synxantha),Partial-s78-r(5):b271(synxantha),0,1,#BFBFBF,synxantha
sid-94(synxantha),Partial-s78-r(5):b271(synxantha),0,1,#7FFF00,synxantha
Partial-s91-r(5):b375(synxantha),sid-91(synxantha),1,1,#000000,synxantha
sid-1(synxantha),Partial-s91-r(5):b375(synxantha),0,1,#191970,synxantha
sid-37(synxantha),Partial-s91-r(5):b375(synxantha),0,1,#00BFFF,synxantha
sid-78(synxantha),Partial-s91-r(5):b375(synxantha),0,1,#BFBFBF,synxantha
sid-91(synxantha),Partial-s91-r(5):b375(synxantha),0,1,#FF00FF,synxantha
sid-94(synxantha),Partial-s91-r(5):b375(synxantha),0,1,#7FFF00,synxantha
Partial-s91-r(5):b386(synxantha),sid-91(synxantha),1,1,#000000,synxantha
sid-3(synxantha),Partial-s91-r(5):b386(synxantha),0,1,#FF0000,synxantha
sid-37(synxantha),Partial-s91-r(5):b386(synxantha),0,1,#00BFFF,synxantha
sid-69(synxantha),Partial-s91-r(5):b386(synxantha),0,1,#BFBFBF,synxantha
sid-91(synxantha),Partial-s91-r(5):b386(synxantha),0,1,#FF00FF,synxantha
sid-94(synxantha),Partial-s91-r(5):b386(synxantha),0,1,#7FFF00,synxantha
Partial-s91-r(2):b397(synxantha),sid-91(synxantha),1,2,#000000,synxantha
sid-91(synxantha),Partial-s91-r(2):b397(synxantha),0,1,#FF00FF,synxantha
sid-94(synxantha),Partial-s91-r(2):b397(synxantha),0,1,#7FFF00,synxantha
